pathway	Pathway ID	Adj P-value (Real)	Rank (Real)	padj (Real)	Median adj p-value (simulated)	Rank (simulated)	Percentile (simulated)	Mean padj (simulated)	Std deviation (simulated)	Number of experiments (simulated)	Z score
KEGG-Module-M00178: Ribosome, bacteria	KEGG-Module-M00178: Ribosome, bacteria	0.00103206106870229	157.0	0.00103206106870229	0.0013066336786763599	161.5	99.99999999999999	0.0013346516675682917	0.00025245026651045377	25	-1.1986146936924371
KEGG-Pathway-pae00020: Citrate cycle (TCA cycle) - Pseudomonas aeruginosa PAO1	KEGG-Pathway-pae00020: Citrate cycle (TCA cycle) - Pseudomonas aeruginosa PAO1	0.00103206106870229	157.0	0.00103206106870229	0.0013066336786763599	161.5	99.99999999999999	0.0013346516675682917	0.00025245026651045377	25	-1.1986146936924371
KEGG-Pathway-pae03060: Protein export - Pseudomonas aeruginosa PAO1	KEGG-Pathway-pae03060: Protein export - Pseudomonas aeruginosa PAO1	0.00103206106870229	157.0	0.00103206106870229	0.0013066336786763599	161.5	99.99999999999999	0.0014996059646243843	0.0009300945779990442	25	-0.5026853257525115
KEGG-Pathway-pae01210: 2-Oxocarboxylic acid metabolism - Pseudomonas aeruginosa PAO1	KEGG-Pathway-pae01210: 2-Oxocarboxylic acid metabolism - Pseudomonas aeruginosa PAO1	0.00103206106870229	157.0	0.00103206106870229	0.0018232819074333801	151.0	93.45794392523364	0.005693984736524897	0.010930025515005572	25	-0.4265245000043561
KEGG-Pathway-pae00230: Purine metabolism - Pseudomonas aeruginosa PAO1	KEGG-Pathway-pae00230: Purine metabolism - Pseudomonas aeruginosa PAO1	0.00103206106870229	157.0	0.00103206106870229	0.0013066336786763599	161.5	99.99999999999999	0.0018964787682013153	0.002769095155176116	25	-0.31216612324903936
KEGG-Pathway-pae00030: Pentose phosphate pathway - Pseudomonas aeruginosa PAO1	KEGG-Pathway-pae00030: Pentose phosphate pathway - Pseudomonas aeruginosa PAO1	0.00103206106870229	157.0	0.00103206106870229	0.00472344112468208	139.0	85.98130841121494	0.011901669387725437	0.013624949525846702	25	-0.797772373277667
KEGG-Pathway-pae00330: Arginine and proline metabolism - Pseudomonas aeruginosa PAO1	KEGG-Pathway-pae00330: Arginine and proline metabolism - Pseudomonas aeruginosa PAO1	0.00103206106870229	157.0	0.00103206106870229	0.0041821331353625295	142.0	87.85046728971962	0.01014341767221558	0.019610353679534415	25	-0.46461969796200075
KEGG-Pathway-pae03018: RNA degradation - Pseudomonas aeruginosa PAO1	KEGG-Pathway-pae03018: RNA degradation - Pseudomonas aeruginosa PAO1	0.00103206106870229	157.0	0.00103206106870229	0.0013066336786763599	161.5	99.99999999999999	0.0013346516675682917	0.00025245026651045377	25	-1.1986146936924371
KEGG-Pathway-pae03010: Ribosome - Pseudomonas aeruginosa PAO1	KEGG-Pathway-pae03010: Ribosome - Pseudomonas aeruginosa PAO1	0.00103206106870229	157.0	0.00103206106870229	0.0013066336786763599	161.5	99.99999999999999	0.0013346516675682917	0.00025245026651045377	25	-1.1986146936924371
KEGG-Pathway-pae00240: Pyrimidine metabolism - Pseudomonas aeruginosa PAO1	KEGG-Pathway-pae00240: Pyrimidine metabolism - Pseudomonas aeruginosa PAO1	0.00103206106870229	157.0	0.00103206106870229	0.0013066336786763599	161.5	99.99999999999999	0.0013346516675682917	0.00025245026651045377	25	-1.1986146936924371
KEGG-Pathway-pae00190: Oxidative phosphorylation - Pseudomonas aeruginosa PAO1	KEGG-Pathway-pae00190: Oxidative phosphorylation - Pseudomonas aeruginosa PAO1	0.00103206106870229	157.0	0.00103206106870229	0.0013066336786763599	161.5	99.99999999999999	0.0013346516675682917	0.00025245026651045377	25	-1.1986146936924371
KEGG-Pathway-pae00970: Aminoacyl-tRNA biosynthesis - Pseudomonas aeruginosa PAO1	KEGG-Pathway-pae00970: Aminoacyl-tRNA biosynthesis - Pseudomonas aeruginosa PAO1	0.00103206106870229	157.0	0.00103206106870229	0.0013066336786763599	161.5	99.99999999999999	0.0013741530586356624	0.00040662934374195746	25	-0.8412870226858498
KEGG-Pathway-pae00250: Alanine, aspartate and glutamate metabolism - Pseudomonas aeruginosa PAO1	KEGG-Pathway-pae00250: Alanine, aspartate and glutamate metabolism - Pseudomonas aeruginosa PAO1	0.00103206106870229	157.0	0.00103206106870229	0.00142105174646419	153.0	94.70404984423675	0.002632247962411537	0.002389105528718555	25	-0.6697849360247974
KEGG-Pathway-pae00680: Methane metabolism - Pseudomonas aeruginosa PAO1	KEGG-Pathway-pae00680: Methane metabolism - Pseudomonas aeruginosa PAO1	0.00103206106870229	157.0	0.00103206106870229	0.0013066336786763599	161.5	99.99999999999999	0.0013983836307913048	0.0005160295330567116	25	-0.709886815816714
KEGG-Module-M00157: F-type ATPase, prokaryotes and chloroplasts	KEGG-Module-M00157: F-type ATPase, prokaryotes and chloroplasts	0.00103206106870229	157.0	0.00103206106870229	0.0013066336786763599	161.5	99.99999999999999	0.001381845683184826	0.0003511144865381557	25	-0.9962124261270682
KEGG-Pathway-pae00540: Lipopolysaccharide biosynthesis - Pseudomonas aeruginosa PAO1	KEGG-Pathway-pae00540: Lipopolysaccharide biosynthesis - Pseudomonas aeruginosa PAO1	0.00103206106870229	157.0	0.00103206106870229	0.00274202271498107	146.0	90.34267912772584	0.008638199508065676	0.012999828749890021	25	-0.5850952797687995
KEGG-Pathway-pae00010: Glycolysis / Gluconeogenesis - Pseudomonas aeruginosa PAO1	KEGG-Pathway-pae00010: Glycolysis / Gluconeogenesis - Pseudomonas aeruginosa PAO1	0.00103206106870229	157.0	0.00103206106870229	0.00149265595605056	152.0	94.08099688473519	0.002012617401949223	0.0013445097530344874	25	-0.7293039942877834
KEGG-Module-M00156: Cytochrome c oxidase, cbb3-type	KEGG-Module-M00156: Cytochrome c oxidase, cbb3-type	0.00103206106870229	157.0	0.00103206106870229	0.00366352773875796	144.0	89.09657320872273	0.05854430850555521	0.17134987398178586	25	-0.33564219278600904
KEGG-Module-M00335: Sec (secretion) system	KEGG-Module-M00335: Sec (secretion) system	0.00103206106870229	157.0	0.00103206106870229	0.0013066336786763599	161.5	99.99999999999999	0.001741577239246693	0.001797621305044624	25	-0.3946972416010556
KEGG-Module-M00011: Citrate cycle, second carbon oxidation, 2-oxoglutarate => oxaloacetate	KEGG-Module-M00011: Citrate cycle, second carbon oxidation, 2-oxoglutarate => oxaloacetate	0.00103206106870229	157.0	0.00103206106870229	0.0013066336786763599	161.5	99.99999999999999	0.0013743084777166278	0.00040730985784924846	25	-0.840263014554901
KEGG-Module-M00002: Glycolysis, core module involving three-carbon compounds	KEGG-Module-M00002: Glycolysis, core module involving three-carbon compounds	0.00103206106870229	157.0	0.00103206106870229	0.00313849296624727	145.0	89.71962616822428	0.008295719568405498	0.011577103628345483	25	-0.6274158660823249
KEGG-Module-M00144: NADH:quinone oxidoreductase, prokaryotes	KEGG-Module-M00144: NADH:quinone oxidoreductase, prokaryotes	0.00103206106870229	157.0	0.00103206106870229	0.0013066336786763599	161.5	99.99999999999999	0.004781433545724156	0.009581441026278911	25	-0.3913161357188865
KEGG-Pathway-pae00270: Cysteine and methionine metabolism - Pseudomonas aeruginosa PAO1	KEGG-Pathway-pae00270: Cysteine and methionine metabolism - Pseudomonas aeruginosa PAO1	0.00103206106870229	157.0	0.00103206106870229	0.00370287597337435	143.0	88.47352024922117	0.01946618261686889	0.028228478423583513	25	-0.6530327731999113
KEGG-Module-M00009: Citrate cycle (TCA cycle, Krebs cycle)	KEGG-Module-M00009: Citrate cycle (TCA cycle, Krebs cycle)	0.00103206106870229	157.0	0.00103206106870229	0.0013066336786763599	161.5	99.99999999999999	0.0013346516675682917	0.00025245026651045377	25	-1.1986146936924371
KEGG-Module-M00360: Aminoacyl-tRNA biosynthesis, prokaryotes	KEGG-Module-M00360: Aminoacyl-tRNA biosynthesis, prokaryotes	0.00103206106870229	157.0	0.00103206106870229	0.0013066336786763599	161.5	99.99999999999999	0.0013346516675682917	0.00025245026651045377	25	-1.1986146936924371
KEGG-Pathway-pae00620: Pyruvate metabolism - Pseudomonas aeruginosa PAO1	KEGG-Pathway-pae00620: Pyruvate metabolism - Pseudomonas aeruginosa PAO1	0.00146842878120411	144.0	0.00146842878120411	0.0021685850303473603	148.0	91.58878504672896	0.005404411786422604	0.008805386972455835	25	-0.44699716406907014
KEGG-Pathway-pae00400: Phenylalanine, tyrosine and tryptophan biosynthesis - Pseudomonas aeruginosa PAO1	KEGG-Pathway-pae00400: Phenylalanine, tyrosine and tryptophan biosynthesis - Pseudomonas aeruginosa PAO1	0.00156932662887282	143.0	0.00156932662887282	0.00198573560341688	149.0	92.21183800623052	0.006440017680024328	0.008812829876283566	25	-0.5526818422149679
KEGG-Pathway-pae00260: Glycine, serine and threonine metabolism - Pseudomonas aeruginosa PAO1	KEGG-Pathway-pae00260: Glycine, serine and threonine metabolism - Pseudomonas aeruginosa PAO1	0.00209500669410423	142.0	0.00209500669410423	0.0284333079097313	115.0	71.02803738317756	0.043995851093059944	0.04990775759405748	25	-0.8395657592907931
KEGG-Pathway-pae02040: Flagellar assembly - Pseudomonas aeruginosa PAO1	KEGG-Pathway-pae02040: Flagellar assembly - Pseudomonas aeruginosa PAO1	0.00213022524926156	141.0	0.00213022524926156	0.00194473425800908	150.0	92.83489096573207	0.012539468914152745	0.024034971258586623	25	-0.4330874188656425
KEGG-Module-M00010: Citrate cycle, first carbon oxidation, oxaloacetate => 2-oxoglutarate	KEGG-Module-M00010: Citrate cycle, first carbon oxidation, oxaloacetate => 2-oxoglutarate	0.0036128480572925	140.0	0.0036128480572925	0.00273469420778821	147.0	90.96573208722741	0.002965699327412004	0.0018419318052887116	25	0.35134239390532673
KEGG-Module-M00048: Inosine monophosphate biosynthesis, PRPP + glutamine => IMP	KEGG-Module-M00048: Inosine monophosphate biosynthesis, PRPP + glutamine => IMP	0.0046848578372035	139.0	0.0046848578372035	0.0199222843171498	121.0	74.7663551401869	0.049328797493872624	0.05814978013019708	25	-0.767740472220386
KEGG-Pathway-pae00523: Polyketide sugar unit biosynthesis - Pseudomonas aeruginosa PAO1	KEGG-Pathway-pae00523: Polyketide sugar unit biosynthesis - Pseudomonas aeruginosa PAO1	0.00674398304027934	137.5	0.00674398304027934	0.00670120806788443	137.0	84.73520249221183	0.012465333274147197	0.016553047680478133	25	-0.3456372714140938
KEGG-Pathway-pae02030: Bacterial chemotaxis - Pseudomonas aeruginosa PAO1	KEGG-Pathway-pae02030: Bacterial chemotaxis - Pseudomonas aeruginosa PAO1	0.00674398304027934	137.5	0.00674398304027934	0.00990137681867005	133.0	82.2429906542056	0.02813467876020175	0.061046009136855595	25	-0.3504028522481759
KEGG-Module-M00331: Type II general secretion pathway	KEGG-Module-M00331: Type II general secretion pathway	0.00735518126822475	134.5	0.00735518126822475	0.0275053912194328	116.0	71.65109034267911	0.05516090626821164	0.07116055057004735	25	-0.6718009433180119
KEGG-Module-M00506: CheA-CheYBV (chemotaxis) two-component regulatory system	KEGG-Module-M00506: CheA-CheYBV (chemotaxis) two-component regulatory system	0.00735518126822475	134.5	0.00735518126822475	0.0105321323517192	132.0	81.61993769470403	0.054150106702124806	0.16437433666922058	25	-0.2846851058512134
KEGG-Module-M00034: Methionine salvage pathway	KEGG-Module-M00034: Methionine salvage pathway	0.00735518126822475	134.5	0.00735518126822475	0.0706521739130435	99.0	61.059190031152646	0.0876955134000631	0.07274019905913431	25	-1.104483259202047
KEGG-Module-M00436: Sulfonate transport system	KEGG-Module-M00436: Sulfonate transport system	0.00735518126822475	134.5	0.00735518126822475	0.00895520128385641	136.0	84.11214953271026	0.009517636092042989	0.0078750157161335	25	-0.2745968899322994
KEGG-Pathway-pae00760: Nicotinate and nicotinamide metabolism - Pseudomonas aeruginosa PAO1	KEGG-Pathway-pae00760: Nicotinate and nicotinamide metabolism - Pseudomonas aeruginosa PAO1	0.0102613006457512	132.0	0.0102613006457512	0.00486330935251799	138.0	85.35825545171339	0.008041060001876243	0.00685391094810936	25	0.3239377722710866
KEGG-Pathway-pae03440: Homologous recombination - Pseudomonas aeruginosa PAO1	KEGG-Pathway-pae03440: Homologous recombination - Pseudomonas aeruginosa PAO1	0.0107009791179274	131.0	0.0107009791179274	0.0175074652764289	123.0	76.01246105919002	0.02446278264233441	0.02063768017497898	25	-0.666828994718687
KEGG-Module-M00125: Riboflavin biosynthesis, GTP => riboflavin/FMN/FAD	KEGG-Module-M00125: Riboflavin biosynthesis, GTP => riboflavin/FMN/FAD	0.0108385441718775	130.0	0.0108385441718775	0.0167400396213956	125.0	77.25856697819313	0.02577291402048598	0.035690099831462124	25	-0.4184457291835112
KEGG-Module-M00188: NitT/TauT family transport system	KEGG-Module-M00188: NitT/TauT family transport system	0.010919076078178002	129.0	0.010919076078178002	0.00954078423149507	134.0	82.86604361370715	0.018004056066163805	0.017461320347583426	25	-0.4057528209180547
KEGG-Pathway-pae00630: Glyoxylate and dicarboxylate metabolism - Pseudomonas aeruginosa PAO1	KEGG-Pathway-pae00630: Glyoxylate and dicarboxylate metabolism - Pseudomonas aeruginosa PAO1	0.0121044831214911	128.0	0.0121044831214911	0.023855981416957002	120.0	74.14330218068535	0.04012817555834885	0.03923600686949956	25	-0.7142340587834437
KEGG-Pathway-pae00520: Amino sugar and nucleotide sugar metabolism - Pseudomonas aeruginosa PAO1	KEGG-Pathway-pae00520: Amino sugar and nucleotide sugar metabolism - Pseudomonas aeruginosa PAO1	0.0122041751277467	127.0	0.0122041751277467	0.28057833728031895	66.0	40.49844236760124	0.30138266680881826	0.22150985583977972	25	-1.3054881489798686
KEGG-Module-M00332: Type III secretion system	KEGG-Module-M00332: Type III secretion system	0.0131238351625595	126.0	0.0131238351625595	0.0142899420792288	127.0	78.50467289719624	0.056145301764290896	0.0928456159571645	25	-0.4633656221482756
KEGG-Module-M00115: NAD biosynthesis, aspartate => NAD	KEGG-Module-M00115: NAD biosynthesis, aspartate => NAD	0.0136003657978967	125.0	0.0136003657978967	0.0131226854617131	128.0	79.12772585669781	0.0177871652547637	0.011558210545163271	25	-0.3622359568989715
KEGG-Pathway-pae00521: Streptomycin biosynthesis - Pseudomonas aeruginosa PAO1	KEGG-Pathway-pae00521: Streptomycin biosynthesis - Pseudomonas aeruginosa PAO1	0.0145403861375916	122.5	0.0145403861375916	0.019901083372586	122.0	75.38940809968847	0.021064269799495796	0.019110220907733157	25	-0.3413819072737268
KEGG-Module-M00050: Guanine ribonucleotide biosynthesis IMP => GDP,GTP	KEGG-Module-M00050: Guanine ribonucleotide biosynthesis IMP => GDP,GTP	0.0145403861375916	122.5	0.0145403861375916	0.0121369294605809	130.0	80.37383177570092	0.04011569953458971	0.061146345849814675	25	-0.41826397050471703
KEGG-Module-M00018: Threonine biosynthesis, aspartate => homoserine => threonine	KEGG-Module-M00018: Threonine biosynthesis, aspartate => homoserine => threonine	0.0145403861375916	122.5	0.0145403861375916	0.0320840386653799	111.0	68.53582554517133	0.06334403421296023	0.08022472521957032	25	-0.6083367433393625
KEGG-Pathway-pae00364: Fluorobenzoate degradation - Pseudomonas aeruginosa PAO1	KEGG-Pathway-pae00364: Fluorobenzoate degradation - Pseudomonas aeruginosa PAO1	0.0145403861375916	122.5	0.0145403861375916	0.0299765949806833	112.0	69.15887850467288	0.05113026380602543	0.05417611639443106	25	-0.6753876081120318
KEGG-Pathway-pae03030: DNA replication - Pseudomonas aeruginosa PAO1	KEGG-Pathway-pae03030: DNA replication - Pseudomonas aeruginosa PAO1	0.0151697054698457	120.0	0.0151697054698457	0.004482600084877639	140.0	86.6043613707165	0.011490620380376914	0.016483434842378967	25	0.2231989342421426
KEGG-Pathway-pae00550: Peptidoglycan biosynthesis - Pseudomonas aeruginosa PAO1	KEGG-Pathway-pae00550: Peptidoglycan biosynthesis - Pseudomonas aeruginosa PAO1	0.0155282356616499	119.0	0.0155282356616499	0.00420717210819154	141.0	87.22741433021805	0.013947298733897417	0.020527135288995406	25	0.07701692932281799
KEGG-Pathway-pae00300: Lysine biosynthesis - Pseudomonas aeruginosa PAO1	KEGG-Pathway-pae00300: Lysine biosynthesis - Pseudomonas aeruginosa PAO1	0.0161357054199421	118.0	0.0161357054199421	0.009080163335482479	135.0	83.48909657320871	0.03868884716037038	0.054128505052114334	25	-0.41665923931788557
KEGG-Module-M00210: Putative ABC transport system	KEGG-Module-M00210: Putative ABC transport system	0.0200713780960695	116.5	0.0200713780960695	0.0160058785107773	126.0	77.8816199376947	0.03019961722570548	0.03674198177165184	25	-0.27565848768262113
KEGG-Module-M00616: Sulfate-sulfur assimilation	KEGG-Module-M00616: Sulfate-sulfur assimilation	0.0200713780960695	116.5	0.0200713780960695	0.0739412993553028	98.0	60.43613707165109	0.11846573869826163	0.10666355860697417	25	-0.9224740097482426
KEGG-Pathway-pae03430: Mismatch repair - Pseudomonas aeruginosa PAO1	KEGG-Pathway-pae03430: Mismatch repair - Pseudomonas aeruginosa PAO1	0.0212688777021025	115.0	0.0212688777021025	0.0375939693310714	109.0	67.2897196261682	0.06454067856950817	0.06754353669432965	25	-0.6406505046253875
KEGG-Pathway-pae00450: Selenocompound metabolism - Pseudomonas aeruginosa PAO1	KEGG-Pathway-pae00450: Selenocompound metabolism - Pseudomonas aeruginosa PAO1	0.0246410544621649	114.0	0.0246410544621649	0.0267350479689733	117.0	72.27414330218068	0.06052217866226681	0.0755120858759182	25	-0.47517061386785064
KEGG-Pathway-pae00770: Pantothenate and CoA biosynthesis - Pseudomonas aeruginosa PAO1	KEGG-Pathway-pae00770: Pantothenate and CoA biosynthesis - Pseudomonas aeruginosa PAO1	0.0259803784554323	113.0	0.0259803784554323	0.0111756834554762	131.0	80.99688473520249	0.017092676733063483	0.013500896919045234	25	0.658304538999276
KEGG-Pathway-pae00670: One carbon pool by folate - Pseudomonas aeruginosa PAO1	KEGG-Pathway-pae00670: One carbon pool by folate - Pseudomonas aeruginosa PAO1	0.0268916844509341	112.0	0.0268916844509341	0.0292280165345723	114.0	70.404984423676	0.060675991710186	0.0686394135113874	25	-0.4921998241381684
KEGG-Module-M00452: CusS-CusR (copper tolerance) two-component regulatory system	KEGG-Module-M00452: CusS-CusR (copper tolerance) two-component regulatory system	0.0282125812596971	111.0	0.0282125812596971	0.147523176634671	85.0	52.336448598130836	0.17861475824302742	0.1296323476865131	25	-1.1602210379391138
KEGG-Pathway-pae01220: Degradation of aromatic compounds - Pseudomonas aeruginosa PAO1	KEGG-Pathway-pae01220: Degradation of aromatic compounds - Pseudomonas aeruginosa PAO1	0.0289699236403304	110.0	0.0289699236403304	0.0127614588839387	129.0	79.75077881619937	0.083531332251112	0.170241821721068	25	-0.3204935664996438
KEGG-Pathway-pae00460: Cyanoamino acid metabolism - Pseudomonas aeruginosa PAO1	KEGG-Pathway-pae00460: Cyanoamino acid metabolism - Pseudomonas aeruginosa PAO1	0.0356874129234892	109.0	0.0356874129234892	0.217409523809524	76.0	46.72897196261682	0.3004257466866107	0.21625073791830146	25	-1.2242193312798704
KEGG-Module-M00008: Entner-Doudoroff pathway, glucose-6P => glyceraldehyde-3P + pyruvate	KEGG-Module-M00008: Entner-Doudoroff pathway, glucose-6P => glyceraldehyde-3P + pyruvate	0.0371482360729673	108.0	0.0371482360729673	0.0546424529827019	104.0	64.17445482866043	0.07926260447519587	0.07013600632521175	25	-0.6004671581519712
KEGG-Module-M00258: Putative ABC transport system	KEGG-Module-M00258: Putative ABC transport system	0.0373006676598797	107.0	0.0373006676598797	0.18512744891510396	81.0	49.84423676012461	0.20627831389881315	0.14524485170948492	25	-1.1633985249743535
KEGG-Module-M00240: Iron complex transport system	KEGG-Module-M00240: Iron complex transport system	0.0404259797917942	106.0	0.0404259797917942	0.0563816604708798	103.0	63.55140186915887	0.10692531578691204	0.15623812645429108	25	-0.4256280941423913
KEGG-Module-M00176: Assimilatory sulfate reduction, sulfate => H2S	KEGG-Module-M00176: Assimilatory sulfate reduction, sulfate => H2S	0.0439788950962135	105.0	0.0439788950962135	0.0702443224306436	100.0	61.6822429906542	0.10548308266899559	0.08872901971445844	25	-0.693168793825409
KEGG-Module-M00024: Phenylalanine biosynthesis, chorismate => phenylalanine	KEGG-Module-M00024: Phenylalanine biosynthesis, chorismate => phenylalanine	0.0450012103606875	103.0	0.0450012103606875	0.0618805602967399	102.0	62.928348909657316	0.059366084380371456	0.01839217834151322	25	-0.7810316838468675
KEGG-Pathway-pae00440: Phosphonate and phosphinate metabolism - Pseudomonas aeruginosa PAO1	KEGG-Pathway-pae00440: Phosphonate and phosphinate metabolism - Pseudomonas aeruginosa PAO1	0.0450012103606875	103.0	0.0450012103606875	0.0340256277180235	110.0	67.91277258566977	0.057707502601429074	0.07835797246380154	25	-0.1621569808561778
KEGG-Module-M00119: Pantothenate biosynthesis, valine/L-aspartate => pantothenate	KEGG-Module-M00119: Pantothenate biosynthesis, valine/L-aspartate => pantothenate	0.0450012103606875	103.0	0.0450012103606875	0.0383278224632172	107.0	66.0436137071651	0.05528416305107532	0.04305067097945222	25	-0.23885696683556457
KEGG-Module-M00529: Denitrification, nitrate => nitrogen	KEGG-Module-M00529: Denitrification, nitrate => nitrogen	0.0479964886915212	101.0	0.0479964886915212	0.514607932182864	35.0	21.18380062305296	0.4517050085555502	0.26041477874176155	25	-1.5502519550334877
KEGG-Pathway-pae00480: Glutathione metabolism - Pseudomonas aeruginosa PAO1	KEGG-Pathway-pae00480: Glutathione metabolism - Pseudomonas aeruginosa PAO1	0.0650932940898603	100.0	0.0650932940898603	0.0471491390141157	105.0	64.79750778816198	0.08772417610153287	0.10928914268021782	25	-0.20707347003252627
KEGG-Pathway-pae00500: Starch and sucrose metabolism - Pseudomonas aeruginosa PAO1	KEGG-Pathway-pae00500: Starch and sucrose metabolism - Pseudomonas aeruginosa PAO1	0.0704867015303667	99.0	0.0704867015303667	0.187976019908001	80.0	49.22118380062305	0.21649338802910875	0.13592460945382423	25	-1.074174037250722
KEGG-Pathway-pae00910: Nitrogen metabolism - Pseudomonas aeruginosa PAO1	KEGG-Pathway-pae00910: Nitrogen metabolism - Pseudomonas aeruginosa PAO1	0.0724013144631265	98.0	0.0724013144631265	0.5990531804803311	23.0	13.707165109034268	0.576586465854302	0.24348729727841736	25	-2.0706835922313482
KEGG-Module-M00019: Valine/isoleucine biosynthesis, pyruvate => valine / 2-oxobutanoate => isoleucine	KEGG-Module-M00019: Valine/isoleucine biosynthesis, pyruvate => valine / 2-oxobutanoate => isoleucine	0.0771224204079441	97.0	0.0771224204079441	0.0297346752058554	113.0	69.78193146417445	0.044480029670385564	0.034348133738678316	25	0.9503395726214088
KEGG-Pathway-pae00900: Terpenoid backbone biosynthesis - Pseudomonas aeruginosa PAO1	KEGG-Pathway-pae00900: Terpenoid backbone biosynthesis - Pseudomonas aeruginosa PAO1	0.0773411857381323	96.0	0.0773411857381323	0.024115779776090997	119.0	73.52024922118379	0.043260735154421553	0.05430906243893875	25	0.6275278757026671
KEGG-Module-M00049: Adenine ribonucleotide biosynthesis, IMP => ADP,ATP	KEGG-Module-M00049: Adenine ribonucleotide biosynthesis, IMP => ADP,ATP	0.0832843274654532	94.0	0.0832843274654532	0.0740417528949553	96.0	59.19003115264797	0.11954438354662443	0.10795381947513663	25	-0.3358848835313554
KEGG-Module-M00016: Lysine biosynthesis, succinyl-DAP pathway, aspartate => lysine	KEGG-Module-M00016: Lysine biosynthesis, succinyl-DAP pathway, aspartate => lysine	0.0832843274654532	94.0	0.0832843274654532	0.037693102314879996	108.0	66.66666666666666	0.10602788257917249	0.1085504188520347	25	-0.20952065735205574
KEGG-Module-M00023: Tryptophan biosynthesis, chorismate => tryptophan	KEGG-Module-M00023: Tryptophan biosynthesis, chorismate => tryptophan	0.0832843274654532	94.0	0.0832843274654532	0.0172404998724815	124.0	76.63551401869158	0.05357596998543629	0.08427583276471663	25	0.35251336599612654
KEGG-Pathway-pae00401: Novobiocin biosynthesis - Pseudomonas aeruginosa PAO1	KEGG-Pathway-pae00401: Novobiocin biosynthesis - Pseudomonas aeruginosa PAO1	0.0877366255144033	92.0	0.0877366255144033	0.166027195755151	82.0	50.467289719626166	0.18745238460730584	0.11698816025310071	25	-0.8523576990797206
KEGG-Pathway-pae00640: Propanoate metabolism - Pseudomonas aeruginosa PAO1	KEGG-Pathway-pae00640: Propanoate metabolism - Pseudomonas aeruginosa PAO1	0.0944499707653406	91.0	0.0944499707653406	0.0266711345555171	118.0	72.89719626168223	0.05460009465618684	0.06582856159936669	25	0.6053584514223556
KEGG-Module-M00083: Fatty acid biosynthesis, elongation	KEGG-Module-M00083: Fatty acid biosynthesis, elongation	0.0993466418425045	90.0	0.0993466418425045	0.154234189182854	84.0	51.71339563862928	0.16634948198799113	0.08533426427775938	25	-0.7851809670192416
KEGG-Pathway-pae00750: Vitamin B6 metabolism - Pseudomonas aeruginosa PAO1	KEGG-Pathway-pae00750: Vitamin B6 metabolism - Pseudomonas aeruginosa PAO1	0.101270298536905	89.0	0.101270298536905	0.0767151316413501	95.0	58.56697819314641	0.08541986779662208	0.04091151462922512	25	0.387432019663241
KEGG-Pathway-pae00627: Aminobenzoate degradation - Pseudomonas aeruginosa PAO1	KEGG-Pathway-pae00627: Aminobenzoate degradation - Pseudomonas aeruginosa PAO1	0.10830596798488099	88.0	0.10830596798488099	0.0772364838584208	94.0	57.943925233644855	0.14304144321889203	0.11895062637802206	25	-0.2920159085469848
KEGG-Module-M00324: Dipeptide transport system	KEGG-Module-M00324: Dipeptide transport system	0.11524326341932599	86.5	0.11524326341932599	0.389858308377689	52.0	31.77570093457944	0.39605080333269393	0.2609693562909931	25	-1.0760172914717785
KEGG-Module-M00053: Pyrimidine deoxyribonuleotide biosynthesis, CDP/CTP => dCDP/dCTP,dTDP/dTTP	KEGG-Module-M00053: Pyrimidine deoxyribonuleotide biosynthesis, CDP/CTP => dCDP/dCTP,dTDP/dTTP	0.11524326341932599	86.5	0.11524326341932599	0.0852298155730861	91.0	56.074766355140184	0.10709826768067579	0.08110612704217035	25	0.10042392647370878
KEGG-Module-M00200: Putative sorbitol/mannitol transport system	KEGG-Module-M00200: Putative sorbitol/mannitol transport system	0.127520222141736	83.5	0.127520222141736	0.19585198209718696	79.0	48.598130841121495	0.23594808637470066	0.12294656129300803	25	-0.8819105072370247
KEGG-Pathway-pae00730: Thiamine metabolism - Pseudomonas aeruginosa PAO1	KEGG-Pathway-pae00730: Thiamine metabolism - Pseudomonas aeruginosa PAO1	0.127520222141736	83.5	0.127520222141736	0.0867056354916067	90.0	55.45171339563863	0.09015271548755505	0.060269158587241765	25	0.620010425400085
KEGG-Pathway-pae00061: Fatty acid biosynthesis - Pseudomonas aeruginosa PAO1	KEGG-Pathway-pae00061: Fatty acid biosynthesis - Pseudomonas aeruginosa PAO1	0.127520222141736	83.5	0.127520222141736	0.156834150868355	83.0	51.09034267912772	0.2141011434879361	0.17196799554383765	25	-0.5034711317788728
KEGG-Module-M00533: Homoprotocatechuate degradation, homoprotocatechuate => 2-oxohept-3-enedioate	KEGG-Module-M00533: Homoprotocatechuate degradation, homoprotocatechuate => 2-oxohept-3-enedioate	0.127520222141736	83.5	0.127520222141736	0.0739922109745462	97.0	59.81308411214953	0.1244667786019239	0.15302163789537088	25	0.019954325295484708
KEGG-Module-M00124: Pyridoxal biosynthesis, erythrose-4P => pyridoxal-5P	KEGG-Module-M00124: Pyridoxal biosynthesis, erythrose-4P => pyridoxal-5P	0.12911111111111098	80.5	0.12911111111111098	0.0802853644252782	93.0	57.3208722741433	0.08948945111665545	0.04794556907522338	25	0.82638835576843
KEGG-Pathway-pae00650: Butanoate metabolism - Pseudomonas aeruginosa PAO1	KEGG-Pathway-pae00650: Butanoate metabolism - Pseudomonas aeruginosa PAO1	0.12911111111111098	80.5	0.12911111111111098	0.0820317008577414	92.0	56.69781931464174	0.1356263638769956	0.14843691250737076	25	-0.04389240287897449
KEGG-Pathway-pae00340: Histidine metabolism - Pseudomonas aeruginosa PAO1	KEGG-Pathway-pae00340: Histidine metabolism - Pseudomonas aeruginosa PAO1	0.141620044683247	79.0	0.141620044683247	0.28395102400958	65.0	39.875389408099686	0.31276610068279215	0.1538544665576187	25	-1.1123892586859072
KEGG-Pathway-pae00362: Benzoate degradation - Pseudomonas aeruginosa PAO1	KEGG-Pathway-pae00362: Benzoate degradation - Pseudomonas aeruginosa PAO1	0.170351454875344	78.0	0.170351454875344	0.419909225575307	49.0	29.906542056074766	0.5148779965383296	0.228126986206224	25	-1.5102401841732913
KEGG-Module-M00193: Putative spermidine/putrescine transport system	KEGG-Module-M00193: Putative spermidine/putrescine transport system	0.174786285660031	77.0	0.174786285660031	0.258622837247098	70.0	42.99065420560748	0.2792930236852839	0.16034091849893886	25	-0.6517783420702093
KEGG-Pathway-pae00290: Valine, leucine and isoleucine biosynthesis - Pseudomonas aeruginosa PAO1	KEGG-Pathway-pae00290: Valine, leucine and isoleucine biosynthesis - Pseudomonas aeruginosa PAO1	0.176200636389274	76.0	0.176200636389274	0.14149868766404197	88.0	54.205607476635514	0.15751215477205582	0.08232152713034988	25	0.22701815999630792
KEGG-Pathway-pae00281: Geraniol degradation - Pseudomonas aeruginosa PAO1	KEGG-Pathway-pae00281: Geraniol degradation - Pseudomonas aeruginosa PAO1	0.18356711195928802	74.5	0.18356711195928802	0.3553007612034261	56.0	34.26791277258567	0.42735228323592594	0.23073942555325216	25	-1.0565388671316378
KEGG-Module-M00082: Fatty acid biosynthesis, initiation	KEGG-Module-M00082: Fatty acid biosynthesis, initiation	0.18356711195928802	74.5	0.18356711195928802	0.23024896047160398	73.0	44.85981308411215	0.2914579972073399	0.23344531770762364	25	-0.462167698660715
KEGG-Pathway-pae04122: Sulfur relay system - Pseudomonas aeruginosa PAO1	KEGG-Pathway-pae04122: Sulfur relay system - Pseudomonas aeruginosa PAO1	0.18770976699263603	72.0	0.18770976699263603	0.0469297668218993	106.0	65.42056074766354	0.09818584971965758	0.12507748731950855	25	0.7157476472507875
KEGG-Module-M00260: DNA polymerase III complex, bacteria	KEGG-Module-M00260: DNA polymerase III complex, bacteria	0.18770976699263603	72.0	0.18770976699263603	0.13267388915057302	89.0	54.82866043613707	0.15669074135259467	0.08937798495387657	25	0.34705443019384136
KEGG-Pathway-pae01053: Biosynthesis of siderophore group nonribosomal peptides - Pseudomonas aeruginosa PAO1	KEGG-Pathway-pae01053: Biosynthesis of siderophore group nonribosomal peptides - Pseudomonas aeruginosa PAO1	0.18770976699263603	72.0	0.18770976699263603	0.409502218321876	51.0	31.15264797507788	0.3862441161864023	0.24759619570791552	25	-0.8018473330178847
KEGG-Pathway-pae00930: Caprolactam degradation - Pseudomonas aeruginosa PAO1	KEGG-Pathway-pae00930: Caprolactam degradation - Pseudomonas aeruginosa PAO1	0.20855735805330203	70.0	0.20855735805330203	0.55819479181992	28.0	16.822429906542055	0.5913487842015018	0.17837201077319892	25	-2.1460285416355003
KEGG-Pathway-pae00740: Riboflavin metabolism - Pseudomonas aeruginosa PAO1	KEGG-Pathway-pae00740: Riboflavin metabolism - Pseudomonas aeruginosa PAO1	0.218175495571867	69.0	0.218175495571867	0.14489477786438001	86.0	52.95950155763239	0.17525031092152277	0.12959510502834964	25	0.3312253548539052
KEGG-Module-M00185: Sulfate transport system	KEGG-Module-M00185: Sulfate transport system	0.22173323650447802	68.0	0.22173323650447802	0.453023745827	43.0	26.168224299065418	0.48344318089859056	0.1534774982548777	25	-1.7052007451899882
KEGG-Module-M00570: Isoleucine biosynthesis, threonine => 2-oxobutanoate => isoleucine	KEGG-Module-M00570: Isoleucine biosynthesis, threonine => 2-oxobutanoate => isoleucine	0.229125935484589	67.0	0.229125935484589	0.203963787757594	78.0	47.97507788161994	0.2102870351627434	0.10064719168210685	25	0.18717760532601918
KEGG-Module-M00300: Putrescine transport system	KEGG-Module-M00300: Putrescine transport system	0.242288622319157	65.5	0.242288622319157	0.38856791350846603	53.0	32.398753894081	0.4567531651980278	0.20160533552984408	25	-1.063784062635203
KEGG-Module-M00647: Multidrug resistance, efflux pump MexAB-OprM/SmeDEF/AcrAB-TolC	KEGG-Module-M00647: Multidrug resistance, efflux pump MexAB-OprM/SmeDEF/AcrAB-TolC	0.242288622319157	65.5	0.242288622319157	0.20620279612939998	77.0	47.352024922118375	0.2093649311090006	0.07961672234203203	25	0.41352733749471376
KEGG-Pathway-pae00310: Lysine degradation - Pseudomonas aeruginosa PAO1	KEGG-Pathway-pae00310: Lysine degradation - Pseudomonas aeruginosa PAO1	0.253230260374601	63.5	0.253230260374601	0.142445636825755	87.0	53.58255451713396	0.1698456139628145	0.12466087239728527	25	0.6688918889164004
KEGG-Module-M00235: Arginine/ornithine transport system	KEGG-Module-M00235: Arginine/ornithine transport system	0.253230260374601	63.5	0.253230260374601	0.49100217664551293	37.0	22.429906542056074	0.4584808642445207	0.14340034192560205	25	-1.431311816372142
KEGG-Module-M00349: Microcin C transport system	KEGG-Module-M00349: Microcin C transport system	0.26668756048209696	62.0	0.26668756048209696	0.242753830642652	71.0	43.613707165109034	0.3173100623006988	0.19811743654362324	25	-0.2555176500451808
KEGG-Module-M00432: Leucine biosynthesis, 2-oxoisovalerate => 2-oxoisocaproate	KEGG-Module-M00432: Leucine biosynthesis, 2-oxoisovalerate => 2-oxoisocaproate	0.289418960244648	61.0	0.289418960244648	0.42235501245840995	48.0	29.283489096573206	0.42980097855228494	0.17789339892977168	25	-0.7891356236498499
KEGG-Pathway-pae00471: D-Glutamine and D-glutamate metabolism - Pseudomonas aeruginosa PAO1	KEGG-Pathway-pae00471: D-Glutamine and D-glutamate metabolism - Pseudomonas aeruginosa PAO1	0.304996632996633	60.0	0.304996632996633	0.266881581187228	68.0	41.744548286604356	0.26487000568922353	0.09655752207772043	25	0.41557225624649935
KEGG-Module-M00087: beta-Oxidation	KEGG-Module-M00087: beta-Oxidation	0.31436485231749894	59.0	0.31436485231749894	0.445117856812077	45.0	27.414330218068535	0.49156001941731814	0.23878494129782393	25	-0.7420701076740553
KEGG-Pathway-pae00660: C5-Branched dibasic acid metabolism - Pseudomonas aeruginosa PAO1	KEGG-Pathway-pae00660: C5-Branched dibasic acid metabolism - Pseudomonas aeruginosa PAO1	0.315025290691816	58.0	0.315025290691816	0.306114846058322	63.0	38.62928348909657	0.3384549194503432	0.12859986802502316	25	-0.1821901462135886
KEGG-Pathway-pae00051: Fructose and mannose metabolism - Pseudomonas aeruginosa PAO1	KEGG-Pathway-pae00051: Fructose and mannose metabolism - Pseudomonas aeruginosa PAO1	0.33045554562662705	57.0	0.33045554562662705	0.7226135882649499	11.0	6.230529595015576	0.6870744499924436	0.190651168304958	25	-1.8705309153699134
KEGG-Pathway-pae00361: Chlorocyclohexane and chlorobenzene degradation - Pseudomonas aeruginosa PAO1	KEGG-Pathway-pae00361: Chlorocyclohexane and chlorobenzene degradation - Pseudomonas aeruginosa PAO1	0.334090574028654	56.0	0.334090574028654	0.643023169738693	20.0	11.838006230529595	0.6745831109513634	0.17040836128404596	25	-1.998097595429357
KEGG-Module-M00028: Ornithine biosynthesis, glutamate => ornithine	KEGG-Module-M00028: Ornithine biosynthesis, glutamate => ornithine	0.354939263192831	55.0	0.354939263192831	0.529126501264222	33.0	19.937694704049843	0.5480338718357555	0.1456175433226268	25	-1.3260394608849335
KEGG-Pathway-pae00052: Galactose metabolism - Pseudomonas aeruginosa PAO1	KEGG-Pathway-pae00052: Galactose metabolism - Pseudomonas aeruginosa PAO1	0.37579130919997206	53.0	0.37579130919997206	0.239843592709415	72.0	44.23676012461059	0.270384906831294	0.13830196857360508	25	0.7621467970109201
KEGG-Module-M00299: Spermidine/putrescine transport system	KEGG-Module-M00299: Spermidine/putrescine transport system	0.37579130919997206	53.0	0.37579130919997206	0.0625063769003163	101.0	62.30529595015576	0.15585582237086093	0.2269848776745777	25	0.9689433458401
KEGG-Module-M00230: Glutamate/aspartate transport system	KEGG-Module-M00230: Glutamate/aspartate transport system	0.37579130919997206	53.0	0.37579130919997206	0.491261493327609	36.0	21.806853582554517	0.4602989264706943	0.19340307878790425	25	-0.43695073418866126
KEGG-Pathway-pae03420: Nucleotide excision repair - Pseudomonas aeruginosa PAO1	KEGG-Pathway-pae03420: Nucleotide excision repair - Pseudomonas aeruginosa PAO1	0.39439476553980396	51.0	0.39439476553980396	0.330205479922284	58.0	35.51401869158878	0.41548771455299316	0.25143826634197647	25	-0.08388917613877069
KEGG-Pathway-pae02060: Phosphotransferase system (PTS) - Pseudomonas aeruginosa PAO1	KEGG-Pathway-pae02060: Phosphotransferase system (PTS) - Pseudomonas aeruginosa PAO1	0.400960446212971	49.5	0.400960446212971	0.48836184484192996	38.0	23.05295950155763	0.4903116048076496	0.09491577203694097	25	-0.9413731424942041
KEGG-Module-M00307: Pyruvate oxidation, pyruvate => acetyl-CoA	KEGG-Module-M00307: Pyruvate oxidation, pyruvate => acetyl-CoA	0.400960446212971	49.5	0.400960446212971	0.328100418410042	59.0	36.13707165109034	0.3283359314134407	0.17453455893142436	25	0.41610392373962396
KEGG-Pathway-pae03410: Base excision repair - Pseudomonas aeruginosa PAO1	KEGG-Pathway-pae03410: Base excision repair - Pseudomonas aeruginosa PAO1	0.430898219516106	47.5	0.430898219516106	0.4152048423064671	50.0	30.529595015576323	0.49813592464142475	0.2385397389351074	25	-0.28187213344611795
KEGG-Module-M00021: Cysteine biosynthesis, serine => cysteine	KEGG-Module-M00021: Cysteine biosynthesis, serine => cysteine	0.430898219516106	47.5	0.430898219516106	0.291163656617911	64.0	39.25233644859813	0.3246865807157588	0.11660325126021072	25	0.9108805942582711
KEGG-Module-M00334: Type VI secretion system	KEGG-Module-M00334: Type VI secretion system	0.445877162570435	46.0	0.445877162570435	0.560788213950032	27.0	16.1993769470405	0.5257027007553688	0.2999237500677925	25	-0.2661527743864588
KEGG-Pathway-pae00590: Arachidonic acid metabolism - Pseudomonas aeruginosa PAO1	KEGG-Pathway-pae00590: Arachidonic acid metabolism - Pseudomonas aeruginosa PAO1	0.45413500080166797	45.0	0.45413500080166797	0.557017081796975	31.0	18.69158878504673	0.5515392716053739	0.10222079443226732	25	-0.9528811759357543
KEGG-Pathway-pae00130: Ubiquinone and other terpenoid-quinone biosynthesis - Pseudomonas aeruginosa PAO1	KEGG-Pathway-pae00130: Ubiquinone and other terpenoid-quinone biosynthesis - Pseudomonas aeruginosa PAO1	0.51100426291266	44.0	0.51100426291266	0.229748081896762	74.0	45.482866043613704	0.26740773614728647	0.20992668138095613	25	1.1603885945460948
KEGG-Module-M00222: Phosphate transport system	KEGG-Module-M00222: Phosphate transport system	0.515635915880885	43.0	0.515635915880885	0.558101015904283	29.5	17.75700934579439	0.5601859489449654	0.15708129411755106	25	-0.28361131931305356
KEGG-Pathway-pae00564: Glycerophospholipid metabolism - Pseudomonas aeruginosa PAO1	KEGG-Pathway-pae00564: Glycerophospholipid metabolism - Pseudomonas aeruginosa PAO1	0.5558889158660238	40.0	0.5558889158660238	0.672110003497726	16.0	9.345794392523365	0.6589833085867011	0.19908326815034166	25	-0.5178455913373065
KEGG-Pathway-pae00780: Biotin metabolism - Pseudomonas aeruginosa PAO1	KEGG-Pathway-pae00780: Biotin metabolism - Pseudomonas aeruginosa PAO1	0.5558889158660238	40.0	0.5558889158660238	0.584408529132147	25.0	14.953271028037383	0.576285195410874	0.17161819602041506	25	-0.11884683569581317
KEGG-Pathway-pae00312: beta-Lactam resistance - Pseudomonas aeruginosa PAO1	KEGG-Pathway-pae00312: beta-Lactam resistance - Pseudomonas aeruginosa PAO1	0.5558889158660238	40.0	0.5558889158660238	0.223340278330723	75.0	46.10591900311526	0.22907031968315994	0.10888871140260523	25	3.0014001632775735
KEGG-Module-M00238: D-Methionine transport system	KEGG-Module-M00238: D-Methionine transport system	0.5558889158660238	40.0	0.5558889158660238	0.622602869322292	22.0	13.08411214953271	0.6102064410100028	0.11250192619546011	25	-0.4828141791066582
KEGG-Pathway-pae00920: Sulfur metabolism - Pseudomonas aeruginosa PAO1	KEGG-Pathway-pae00920: Sulfur metabolism - Pseudomonas aeruginosa PAO1	0.5558889158660238	40.0	0.5558889158660238	0.274484294170344	67.0	41.1214953271028	0.36647532322588544	0.3228817562247845	25	0.5866345465126622
KEGG-Module-M00190: Iron(III) transport system	KEGG-Module-M00190: Iron(III) transport system	0.59258412006778	35.5	0.59258412006778	0.35909791026384996	55.0	33.64485981308411	0.3903794576235791	0.19233520517442518	25	1.0513138364909602
KEGG-Pathway-pae00790: Folate biosynthesis - Pseudomonas aeruginosa PAO1	KEGG-Pathway-pae00790: Folate biosynthesis - Pseudomonas aeruginosa PAO1	0.59258412006778	35.5	0.59258412006778	0.44624593104218996	44.0	26.79127725856698	0.4608754415428243	0.24679207870571834	25	0.533682763302986
KEGG-Module-M00644: Multidrug resistance, efflux pump MexHI-OprD	KEGG-Module-M00644: Multidrug resistance, efflux pump MexHI-OprD	0.59258412006778	35.5	0.59258412006778	0.476652609573241	40.0	24.299065420560748	0.48350306278295774	0.23158117501526262	25	0.4710273072827841
KEGG-Pathway-pae00350: Tyrosine metabolism - Pseudomonas aeruginosa PAO1	KEGG-Pathway-pae00350: Tyrosine metabolism - Pseudomonas aeruginosa PAO1	0.59258412006778	35.5	0.59258412006778	0.622692138251432	21.0	12.461059190031152	0.5755615060192806	0.2744715393055151	25	0.06201959624510121
KEGG-Module-M00254: ABC-2 type transport system	KEGG-Module-M00254: ABC-2 type transport system	0.595139962604725	33.0	0.595139962604725	0.361565098480337	54.0	33.021806853582554	0.39358301987430605	0.21025916074896847	25	0.9586119435293513
KEGG-Pathway-pae00625: Chloroalkane and chloroalkene degradation - Pseudomonas aeruginosa PAO1	KEGG-Pathway-pae00625: Chloroalkane and chloroalkene degradation - Pseudomonas aeruginosa PAO1	0.595628824558235	31.5	0.595628824558235	0.353229225762145	57.0	34.890965732087224	0.3662241961427523	0.12186248170772011	25	1.8824877452085371
KEGG-Pathway-pae00071: Fatty acid degradation - Pseudomonas aeruginosa PAO1	KEGG-Pathway-pae00071: Fatty acid degradation - Pseudomonas aeruginosa PAO1	0.595628824558235	31.5	0.595628824558235	0.726806986463639	10.0	5.607476635514018	0.6724370740603858	0.19542013821527973	25	-0.3930416291975852
KEGG-Module-M00323: Urea transport system	KEGG-Module-M00323: Urea transport system	0.5981920040743571	30.0	0.5981920040743571	0.32122402225495	61.0	37.38317757009346	0.39527318792768507	0.19995421970272412	25	1.0148263759992435
KEGG-Module-M00328: Hemophore/metalloprotease transport system	KEGG-Module-M00328: Hemophore/metalloprotease transport system	0.6357021708150831	28.5	0.6357021708150831	0.558101015904283	29.5	17.75700934579439	0.5200035304548871	0.2152646814146642	25	0.5374715424743818
KEGG-Pathway-pae00562: Inositol phosphate metabolism - Pseudomonas aeruginosa PAO1	KEGG-Pathway-pae00562: Inositol phosphate metabolism - Pseudomonas aeruginosa PAO1	0.6357021708150831	28.5	0.6357021708150831	0.5973690096739921	24.0	14.330218068535824	0.6061481443890241	0.18219555217162936	25	0.16221047151699344
KEGG-Module-M00223: Phosphonate transport system	KEGG-Module-M00223: Phosphonate transport system	0.639072001635239	27.0	0.639072001635239	0.763757320290881	6.0	3.1152647975077876	0.7671676777362021	0.16575942622471038	25	-0.7727806437222534
KEGG-Pathway-pae00360: Phenylalanine metabolism - Pseudomonas aeruginosa PAO1	KEGG-Pathway-pae00360: Phenylalanine metabolism - Pseudomonas aeruginosa PAO1	0.6728803500566889	26.0	0.6728803500566889	0.7367722718656919	8.0	4.361370716510903	0.6784210706703913	0.17074750445253312	25	-0.0324497897141604
KEGG-Pathway-pae00430: Taurine and hypotaurine metabolism - Pseudomonas aeruginosa PAO1	KEGG-Pathway-pae00430: Taurine and hypotaurine metabolism - Pseudomonas aeruginosa PAO1	0.6748193735510899	25.0	0.6748193735510899	0.797075608755796	5.0	2.4922118380062304	0.7809428490110768	0.1287964488043345	25	-0.8239627446654837
KEGG-Pathway-pae01212: Fatty acid metabolism - Pseudomonas aeruginosa PAO1	KEGG-Pathway-pae01212: Fatty acid metabolism - Pseudomonas aeruginosa PAO1	0.7002799603787591	24.0	0.7002799603787591	0.4736191132264529	41.0	24.922118380062305	0.47838304216714017	0.20750077459652672	25	1.0693787463834032
KEGG-Pathway-pae00072: Synthesis and degradation of ketone bodies - Pseudomonas aeruginosa PAO1	KEGG-Pathway-pae00072: Synthesis and degradation of ketone bodies - Pseudomonas aeruginosa PAO1	0.710224935546479	22.5	0.710224935546479	0.46163436077794395	42.0	25.54517133956386	0.45507464241965323	0.19618530454318023	25	1.3005576218919468
KEGG-Pathway-pae03070: Bacterial secretion system - Pseudomonas aeruginosa PAO1	KEGG-Pathway-pae03070: Bacterial secretion system - Pseudomonas aeruginosa PAO1	0.710224935546479	22.5	0.710224935546479	0.656155349504442	19.0	11.214953271028037	0.5997555540082572	0.21606216520844476	25	0.5112851730965813
KEGG-Module-M00572: Pimeloyl-ACP biosynthesis, BioC-BioH pathway, malonyl-ACP => pimeloyl-ACP	KEGG-Module-M00572: Pimeloyl-ACP biosynthesis, BioC-BioH pathway, malonyl-ACP => pimeloyl-ACP	0.719315290307657	20.5	0.719315290307657	0.581857583266705	26.0	15.576323987538942	0.5653371654407077	0.1572582392040094	25	0.9791418602060981
KEGG-Module-M00530: Dissimilatory nitrate reduction, nitrate => ammonia	KEGG-Module-M00530: Dissimilatory nitrate reduction, nitrate => ammonia	0.719315290307657	20.5	0.719315290307657	0.426344396415601	47.0	28.66043613707165	0.5199052874911253	0.2995922414436428	25	0.6656046960883774
KEGG-Module-M00126: Tetrahydrofolate biosynthesis, GTP => THF	KEGG-Module-M00126: Tetrahydrofolate biosynthesis, GTP => THF	0.721888236428979	19.0	0.721888236428979	0.7307106322777229	9.0	4.984423676012461	0.6551322728746269	0.18982804330058872	25	0.35166544623043616
KEGG-Module-M00045: Histidine degradation, histidine => N-formiminoglutamate => glutamate	KEGG-Module-M00045: Histidine degradation, histidine => N-formiminoglutamate => glutamate	0.7459530299853221	18.0	0.7459530299853221	0.695610282081706	14.0	8.09968847352025	0.6552997269799294	0.18530473372967918	25	0.48921201947078613
KEGG-Pathway-pae00410: beta-Alanine metabolism - Pseudomonas aeruginosa PAO1	KEGG-Pathway-pae00410: beta-Alanine metabolism - Pseudomonas aeruginosa PAO1	0.7692666000395051	17.0	0.7692666000395051	0.722249536704361	12.0	6.853582554517133	0.7019007077203863	0.13322752213600716	25	0.5056454645335775
KEGG-Module-M00208: Glycine betaine/proline transport system	KEGG-Module-M00208: Glycine betaine/proline transport system	0.7711386898465891	16.0	0.7711386898465891	0.47804925053533204	39.0	23.67601246105919	0.5047001800198232	0.21474671711304838	25	1.2407105142683301
KEGG-Pathway-pae00380: Tryptophan metabolism - Pseudomonas aeruginosa PAO1	KEGG-Pathway-pae00380: Tryptophan metabolism - Pseudomonas aeruginosa PAO1	0.793024906360127	15.0	0.793024906360127	0.66513427702077	17.0	9.968847352024921	0.6017028718047387	0.19990493479975385	25	0.9570650906994213
KEGG-Module-M00036: Leucine degradation, leucine => acetoacetate + acetyl-CoA	KEGG-Module-M00036: Leucine degradation, leucine => acetoacetate + acetyl-CoA	0.797061617806732	12.0	0.797061617806732	0.325927217910225	60.0	36.7601246105919	0.4173618728047861	0.2840067131301895	25	1.3369393308245163
KEGG-Pathway-pae01040: Biosynthesis of unsaturated fatty acids - Pseudomonas aeruginosa PAO1	KEGG-Pathway-pae01040: Biosynthesis of unsaturated fatty acids - Pseudomonas aeruginosa PAO1	0.797061617806732	12.0	0.797061617806732	0.663364664955609	18.0	10.59190031152648	0.6417367573013617	0.11621189604743852	25	1.3365659264518461
KEGG-Pathway-pae00561: Glycerolipid metabolism - Pseudomonas aeruginosa PAO1	KEGG-Pathway-pae00561: Glycerolipid metabolism - Pseudomonas aeruginosa PAO1	0.797061617806732	12.0	0.797061617806732	0.8337367649062621	3.0	1.246105919003115	0.7666695199299915	0.1850452596284156	25	0.16424142903076805
KEGG-Pathway-pae00363: Bisphenol degradation - Pseudomonas aeruginosa PAO1	KEGG-Pathway-pae00363: Bisphenol degradation - Pseudomonas aeruginosa PAO1	0.797061617806732	12.0	0.797061617806732	0.9089768878262601	1.0	0.0	0.8629392453125442	0.15203960457903082	25	-0.4332925469532427
KEGG-Module-M00242: Zinc transport system	KEGG-Module-M00242: Zinc transport system	0.797061617806732	12.0	0.797061617806732	0.520551577830814	34.0	20.5607476635514	0.5160958679729334	0.11955965544611624	25	2.350004679968534
KEGG-Pathway-pae00643: Styrene degradation - Pseudomonas aeruginosa PAO1	KEGG-Pathway-pae00643: Styrene degradation - Pseudomonas aeruginosa PAO1	0.7979852535618129	9.0	0.7979852535618129	0.8173188382783779	4.0	1.8691588785046727	0.7983108283860478	0.167967956372276	25	-0.0019383150885833814
KEGG-Pathway-pae00280: Valine, leucine and isoleucine degradation - Pseudomonas aeruginosa PAO1	KEGG-Pathway-pae00280: Valine, leucine and isoleucine degradation - Pseudomonas aeruginosa PAO1	0.8308568779583271	8.0	0.8308568779583271	0.26117500315390696	69.0	42.36760124610592	0.35287824881386	0.239866378355976	25	1.9926870636080491
KEGG-Module-M00568: Catechol ortho-cleavage, catechol => 3-oxoadipate	KEGG-Module-M00568: Catechol ortho-cleavage, catechol => 3-oxoadipate	0.8735365853658541	6.5	0.8735365853658541	0.7419863597612959	7.0	3.7383177570093453	0.7696319854059042	0.16209314937449057	25	0.6410178367248255
KEGG-Pathway-pae00860: Porphyrin and chlorophyll metabolism - Pseudomonas aeruginosa PAO1	KEGG-Pathway-pae00860: Porphyrin and chlorophyll metabolism - Pseudomonas aeruginosa PAO1	0.8735365853658541	6.5	0.8735365853658541	0.31681181334354197	62.0	38.006230529595015	0.3445278799587222	0.2419616813880462	25	2.186332572878488
KEGG-Module-M00122: Cobalamin biosynthesis, cobinamide => cobalamin	KEGG-Module-M00122: Cobalamin biosynthesis, cobinamide => cobalamin	0.8735549647819771	5.0	0.8735549647819771	0.5499730544431689	32.0	19.314641744548286	0.5547584810773497	0.23725779008411826	25	1.343671301969053
KEGG-Pathway-pae00040: Pentose and glucuronate interconversions - Pseudomonas aeruginosa PAO1	KEGG-Pathway-pae00040: Pentose and glucuronate interconversions - Pseudomonas aeruginosa PAO1	0.9431861524309529	4.0	0.9431861524309529	0.7000211738638901	13.0	7.4766355140186915	0.6237321932897197	0.22796648752406237	25	1.4013198282379735
KEGG-Pathway-pae00903: Limonene and pinene degradation - Pseudomonas aeruginosa PAO1	KEGG-Pathway-pae00903: Limonene and pinene degradation - Pseudomonas aeruginosa PAO1	0.946992358364369	3.0	0.946992358364369	0.8360445702671311	2.0	0.6230529595015576	0.8419336228846825	0.08971738979735393	25	1.1709963443763163
KEGG-Module-M00236: Putative polar amino acid transport system	KEGG-Module-M00236: Putative polar amino acid transport system	0.979168590015818	2.0	0.979168590015818	0.426563407427262	46.0	28.037383177570092	0.46388357680165804	0.19335613269354587	25	2.6649530378787927
KEGG-Module-M00237: Branched-chain amino acid transport system	KEGG-Module-M00237: Branched-chain amino acid transport system	0.986674563221794	1.0	0.986674563221794	0.675833333333333	15.0	8.722741433021808	0.6142435310548665	0.23543049750143236	25	1.5819149860338788
