	pathway	LV index	AUC	p-value	FDR
2	REACTOME_MRNA_SPLICING	1	0.733057478182365	4.77269060589604e-05	0.0005816211094303817
3	MIPS_NOP56P_ASSOCIATED_PRE_RRNA_COMPLEX	1	0.6805545663889089	0.0016282172387953198	0.011365904802852768
8	REACTOME_MITOTIC_G1_G1_S_PHASES	1	0.68617034128662	0.000251761875625062	0.002392292360014356
9	IRIS_Monocyte-Day0	2	0.890035649073994	4.31581181614969e-25	1.329886583919269e-22
10	DMAP_MONO2	2	0.9046758851064141	1.31397000183794e-16	1.5745740522024645e-14
11	DMAP_NKA1	2	0.901231343283582	1.1931016454408999e-08	3.100626806284364e-07
12	SVM Monocytes	2	0.962227530606151	6.361913050579171e-11	2.919712010659419e-09
16	REACTOME_TOLL_RECEPTOR_CASCADES	2	0.642201045453568	0.00211317669133334	0.013854474538620105
18	REACTOME_TRANSMISSION_ACROSS_CHEMICAL_SYNAPSES	3	0.7823613622664259	9.53225432517636e-08	2.164323429411096e-06
26	PID_RAC1_REG_PATHWAY	4	0.7551066002808628	0.0049249150068630294	0.02649137573517097
27	KEGG_PHOSPHATIDYLINOSITOL_SIGNALING_SYSTEM	4	0.6909145337524321	0.00424537547740766	0.023601223981361656
30	PID_ERBB1_INTERNALIZATION_PATHWAY	4	0.744476843180657	0.00672543864424658	0.0339737029406086
31	REACTOME_NEURONAL_SYSTEM	4	0.67923156228138	3.97063838268781e-05	0.0005038039406739769
34	IRIS_Neutrophil-Resting	7	0.700633467952058	6.67318936979454e-11	2.9375651980911884e-09
35	SVM Monocytes	7	0.6928784711854279	0.00518088281969649	0.02745740600020965
36	PID_IL8CXCR2_PATHWAY	7	0.724223479210082	0.0105790526644932	0.049285133039550386
37	REACTOME_IMMUNOREGULATORY_INTERACTIONS_BETWEEN_A_LYMPHOID_AND_A_NON_LYMPHOID_CELL	7	0.7075223880597009	0.00288128448640043	0.01731178450463991
44	KEGG_PPAR_SIGNALING_PATHWAY	8	0.789898688421297	0.000222129813071471	0.0021704480497922586
65	SVM T cells regulatory (Tregs)	11	0.6693463954531861	0.00450279645778447	0.024727049055598572
66	DMAP_MEGA2	12	0.8319075566165991	1.35285122755499e-06	2.3533065305129942e-05
69	KEGG_PATHOGENIC_ESCHERICHIA_COLI_INFECTION	12	0.684820451606486	0.004458326817763421	0.024594912905155232
70	REACTOME_PLATELET_ACTIVATION_SIGNALING_AND_AGGREGATION	12	0.608367602360093	0.0013535755596312301	0.009797525107800546
73	BIOCARTA_INTEGRIN_PATHWAY	13	0.718116235023728	0.0025202154730984	0.015711285478246382
76	REACTOME_GLUCOSE_METABOLISM	13	0.7164692940761059	0.00022887056124567404	0.002211792381152789
77	REACTOME_MUSCLE_CONTRACTION	13	0.7150305377625501	0.0027560951493613	0.016746189400485417
80	KEGG_CALCIUM_SIGNALING_PATHWAY	13	0.60682808558042	0.006246602573035971	0.03208076607152045
87	KEGG_PEROXISOME	16	0.703282720273738	0.00166165754840506	0.011561920425515208
88	DMAP_NKA3	17	0.700227163441609	0.00664327858225654	0.03379611297624376
91	SVM NK cells resting	17	0.8050094682812579	6.56278577388409e-06	9.96896402413238e-05
92	KEGG_NATURAL_KILLER_CELL_MEDIATED_CYTOTOXICITY	17	0.660631016847172	0.0014990194444581301	0.010706572654623134
95	REACTOME_METABOLISM_OF_AMINO_ACIDS_AND_DERIVATIVES	18	0.7572744528261272	7.63427999289839e-10	2.5729909288565355e-08
96	KEGG_METABOLISM_OF_XENOBIOTICS_BY_CYTOCHROME_P450	18	0.782919208451123	0.00408262780503333	0.02287331993625167
97	KEGG_PPAR_SIGNALING_PATHWAY	18	0.8058664544263711	6.11720731460918e-05	0.0007210282064268852
98	KEGG_ARGININE_AND_PROLINE_METABOLISM	18	0.880190472640525	3.40139279612261e-06	5.516394181380805e-05
99	REACTOME_PHASE1_FUNCTIONALIZATION_OF_COMPOUNDS	18	0.8419446098868371	0.00022969007574326602	0.002211792381152789
100	KEGG_COMPLEMENT_AND_COAGULATION_CASCADES	18	0.7100324288057249	0.00657231253489315	0.03351413271339131
111	KEGG_NEUROACTIVE_LIGAND_RECEPTOR_INTERACTION	20	0.734916942433079	1.89523804780189e-05	0.00025391481174588063
120	KEGG_ECM_RECEPTOR_INTERACTION	22	0.7157669109216891	0.000990266976063266	0.007655935008489122
122	KEGG_PPAR_SIGNALING_PATHWAY	22	0.7916728846440829	0.00014485447952329198	0.0015167529724841788
130	PID_DELTANP63PATHWAY	24	0.783681678869402	0.00122231333558023	0.009060240085383356
131	IRIS_DendriticCell-LPSstimulated	25	0.6801746308211639	1.83103490860277e-07	3.9495422978561755e-06
132	SVM Macrophages M1	25	0.9134264783876959	2.1440506104794397e-07	4.534036438043286e-06
133	SVM Dendritic cells activated	25	0.779149976237355	8.140820277462621e-05	0.0009290872665866071
135	REACTOME_INTERFERON_GAMMA_SIGNALING	25	0.742704449415859	0.0015079372551893599	0.010734721648328215
139	IRIS_DendriticCell-Control	26	0.7741242738954408	8.082947060298339e-14	6.226756003236973e-12
140	SVM Macrophages M2	26	0.789693178433125	0.000550301937224071	0.00460078014958264
141	SVM Dendritic cells resting	26	0.980327868852459	3.7433816794549504e-09	1.0624308266558324e-07
146	REACTOME_CELL_JUNCTION_ORGANIZATION	27	0.7590949753988371	0.0009386426368855849	0.0073623715191352985
160	DMAP_ERY3	30	0.9493721799508871	2.6062347895756393e-55	5.6216484411146545e-52
161	DMAP_ERY4	30	0.9837269374436272	4.8926272123873696e-54	5.276698448559778e-51
162	DMAP_ERY5	30	0.975558797699652	2.7270783795049795e-52	1.9607693548640806e-49
166	IRIS_Bcell-Memory_IgM	31	0.681332236842105	0.00776855534809395	0.0382574746252024
167	DMAP_BCELLA4	31	0.729955078157376	0.0039511187220463	0.02225212293329992
170	SVM B cells naive	31	0.7792482927072429	9.81826328779409e-05	0.0010916491707098892
171	SIG_BCR_SIGNALING_PATHWAY	31	0.728494490015743	0.00413887516299552	0.023128377530003463
174	PID_BCR_5PATHWAY	31	0.712182939741288	0.0016035852151549	0.0112668837429613
175	REACTOME_POTASSIUM_CHANNELS	32	0.707044776119403	0.00534668215429962	0.02815737436969758
181	KEGG_INTESTINAL_IMMUNE_NETWORK_FOR_IGA_PRODUCTION	34	0.8249962803154292	0.00201600874515548	0.013462943849227152
184	REACTOME_INTERFERON_ALPHA_BETA_SIGNALING	34	0.7561139278258281	0.00207430245230016	0.01368750305033638
185	ST_ERK1_ERK2_MAPK_PATHWAY	34	0.8018849206349209	0.00172806715950093	0.011870830774023906
190	KEGG_NOD_LIKE_RECEPTOR_SIGNALING_PATHWAY	35	0.706599970135882	0.00461957342208057	0.025099294386467987
193	PID_IL23PATHWAY	35	0.739158479706262	0.00983209794913807	0.04650841069362022
199	REACTOME_APC_C_CDC20_MEDIATED_DEGRADATION_OF_MITOTIC_PROTEINS	38	0.835095794258098	7.676889879991471e-07	1.5053683155583276e-05
200	PID_FOXM1PATHWAY	38	0.827609685518533	0.000282747135687565	0.0026175346423951834
201	REACTOME_DNA_REPLICATION	38	0.7209057112420381	8.83112400178137e-08	2.048251018477679e-06
202	REACTOME_MITOTIC_G2_G2_M_PHASES	38	0.722758296069663	0.000449567014661203	0.003910145365420221
203	PID_AURORA_B_PATHWAY	38	0.742337817129236	0.0053767165474900205	0.02815737436969758
204	PID_PLK1_PATHWAY	38	0.7951885807990459	0.00044705609833484405	0.0039040485996285775
205	IRIS_DendriticCell-Control	39	0.781710966379159	2.0800066834537202e-14	1.7256055446960283e-12
207	SVM Dendritic cells resting	39	0.754759687034277	0.0011033971656269099	0.008321775126773583
208	KEGG_LYSOSOME	39	0.619311293863242	0.007670961083902609	0.03786330219216918
216	DMAP_HSC1	42	0.8116771551293579	3.69296521288626e-08	8.950253892354677e-07
217	DMAP_HSC3	42	0.9806069486618181	5.188646776229529e-19	8.609162381790075e-17
219	REACTOME_MEIOTIC_SYNAPSIS	45	0.816652572584523	2.25196224182737e-17	2.862912846880627e-15
220	REACTOME_MEIOTIC_RECOMBINATION	45	0.8113415564176529	2.28759268599548e-16	2.597019696680132e-14
221	REACTOME_RNA_POL_I_PROMOTER_OPENING	45	0.9089882901657241	1.8292139350629597e-18	2.8182960413791467e-16
222	REACTOME_DEPOSITION_OF_NEW_CENPA_CONTAINING_NUCLEOSOMES_AT_THE_CENTROMERE	45	0.734612518628912	2.9808134359050604e-09	8.688668353036776e-08
223	REACTOME_TELOMERE_MAINTENANCE	45	0.8084716299535541	5.0149329003067e-20	1.0817210265961552e-17
224	KEGG_SYSTEMIC_LUPUS_ERYTHEMATOSUS	45	0.694944264960739	2.1227043056274603e-11	1.0901602826758167e-09
227	REACTOME_RECRUITMENT_OF_MITOTIC_CENTROSOME_PROTEINS_AND_COMPLEXES	46	0.6944248220398851	0.00240580009323713	0.015244897483458347
229	KEGG_RIBOSOME	48	0.8625956345634559	2.3935868442240695e-09	7.07255729176893e-08
231	MIPS_RIBOSOME_CYTOPLASMIC	48	0.9102783190925899	7.202828367847641e-11	3.1009210396512827e-09
235	REACTOME_SRP_DEPENDENT_COTRANSLATIONAL_PROTEIN_TARGETING_TO_MEMBRANE	48	0.779876580373269	1.09640382247151e-07	2.438085613475306e-06
236	REACTOME_MITOCHONDRIAL_PROTEIN_IMPORT	49	0.73745359321135	0.00107187596660918	0.008112408631494742
238	REACTOME_TCA_CYCLE_AND_RESPIRATORY_ELECTRON_TRANSPORT	49	0.8128870075072611	1.06792885199688e-10	4.265782469920871e-09
239	KEGG_PPAR_SIGNALING_PATHWAY	49	0.7909101460810161	8.605408866581709e-05	0.0009769403644850922
240	KEGG_CARDIAC_MUSCLE_CONTRACTION	49	0.80673435866806	1.4698144715309601e-05	0.00020276709069658072
241	REACTOME_PYRUVATE_METABOLISM_AND_CITRIC_ACID_TCA_CYCLE	49	0.9555527172871829	1.0247363125802301e-07	2.3024544023287042e-06
242	REACTOME_FATTY_ACID_TRIACYLGLYCEROL_AND_KETONE_BODY_METABOLISM	49	0.603448275862069	0.0082488181694674	0.04034626029827932
243	KEGG_DILATED_CARDIOMYOPATHY	49	0.7344760896092829	0.000130816452548565	0.0013900053603313038
244	SVM T cells follicular helper	50	0.695022550671086	0.00617335116321685	0.031780234985820395
247	PID_NFAT_TFPATHWAY	50	0.7229880774962741	0.00729412391772542	0.0363358551744428
278	IRIS_CD4Tcell-Th2-restimulated12hour	57	0.7786501553257591	0.0009745735152578189	0.007566409085051401
279	IRIS_MemoryTcell-RO-activated	57	0.701501815107663	0.00551464523390256	0.02873210089257928
280	Custom_Treg	57	0.9830017814726841	0.0020750178476866	0.01368750305033638
281	SVM T cells CD4 memory activated	57	0.7901885526904159	0.000279059728175087	0.0025945337658347532
283	PID_NFAT_TFPATHWAY	57	0.7372391952309979	0.00239260247646675	0.015223727261766313
285	KEGG_ALLOGRAFT_REJECTION	57	0.998663895486936	0.00153850890563604	0.010913911867614815
287	KEGG_T_CELL_RECEPTOR_SIGNALING_PATHWAY	57	0.69596992481203	0.000116784423421998	0.0012595200066062484
288	IRIS_CD8Tcell-N0	58	0.798416953912932	0.000534896698339362	0.004542410150858283
290	DMAP_NKA2	58	0.9320491718366919	4.58340155052524e-11	2.196977143218432e-09
291	DMAP_TCELLA1	58	0.835024370834577	1.47586616779616e-05	0.00020276709069658072
292	DMAP_TCELLA3	58	0.906698028673835	4.69904376762591e-08	1.1262041563076764e-06
293	SVM NK cells resting	58	0.771216424976329	4.6697025452071505e-05	0.0005755741937149612
294	SVM NK cells activated	58	0.8863761911338208	3.5327169672425894e-09	1.0160093997789687e-07
295	PID_IL12_STAT4PATHWAY	58	0.7762088974854929	0.00522103859355492	0.027602402564455796
305	KEGG_FOCAL_ADHESION	63	0.6126840746925761	0.003200331166394	0.018860968103584317
316	REACTOME_METABOLISM_OF_LIPIDS_AND_LIPOPROTEINS	66	0.6156246076585059	2.3839117510734e-05	0.00031164228164032266
321	IRIS_Neutrophil-Resting	68	0.5992758815355219	0.000874238910171093	0.0070101610752380935
322	DMAP_ERY2	68	0.7756144617600301	6.96954125240047e-05	0.0008067783200972718
323	DMAP_MONO1	68	0.663362403785043	0.0025009721116334396	0.015636512593603855
324	SVM NK cells resting	68	0.685939602332187	0.00362677887514714	0.020750562423587214
327	IRIS_Monocyte-Day1	69	0.6304678106539809	0.000307695331105208	0.002788650542831654
328	DMAP_NKA1	69	0.702858208955224	0.007149641818768709	0.035698558803435435
329	SVM Macrophages M1	69	0.8229415274463008	0.00010602452178938	0.0011550247146449124
334	REACTOME_REGULATION_OF_ORNITHINE_DECARBOXYLASE_ODC	70	0.993152955999867	7.4523214492504e-08	1.7472453658731644e-06
335	REACTOME_CDK_MEDIATED_PHOSPHORYLATION_AND_REMOVAL_OF_CDC6	70	0.904857796340493	8.05350896036703e-06	0.00011898232073638139
336	MIPS_PA700_20S_PA28_COMPLEX	70	0.992106047065833	1.885207017046e-06	3.2018830990300955e-05
337	KEGG_PATHOGENIC_ESCHERICHIA_COLI_INFECTION	70	0.8001011306740942	0.00069469592571428	0.005697563162607232
340	REACTOME_TRNA_AMINOACYLATION	70	0.781156827668456	0.0023723633375380103	0.015157838188863798
342	KEGG_LYSOSOME	71	0.629179908915173	0.009428133230376421	0.044794016250929374
353	REACTOME_DIABETES_PATHWAYS	74	0.8737145723601709	4.23859001815389e-10	1.4512124871679273e-08
354	REACTOME_UNFOLDED_PROTEIN_RESPONSE	74	0.8371762239856272	3.08404217634997e-06	5.078075552967088e-05
355	REACTOME_ASPARAGINE_N_LINKED_GLYCOSYLATION	74	0.761172710018979	0.000144811668949853	0.0015167529724841788
371	PID_RAC1_PATHWAY	82	0.785097804987308	9.5648085726923e-05	0.0010689788648340565
374	SVM Dendritic cells activated	83	0.708663181478715	0.00336807038364989	0.01947701827756786
376	SVM Eosinophils	83	0.709888059701492	0.00466336744728522	0.0252564566760378
394	IRIS_Monocyte-Day7	91	0.7230566232174691	9.39806623573909e-10	3.071458919771093e-08
395	SVM Macrophages M0	91	0.7773311498188679	0.00305795478584446	0.018120902398534342
399	KEGG_LYSOSOME	91	0.794741325644638	5.24326617181441e-09	1.4499647605902154e-07
405	REACTOME_CHROMOSOME_MAINTENANCE	92	0.7345132004939758	5.75313567920553e-05	0.000685608489505322
414	SVM T cells follicular helper	96	0.689262620224963	0.00443467236024635	0.024527149438593274
415	SVM NK cells activated	96	0.729687428071629	0.000274255327677659	0.0025694782236171444
423	KEGG_METABOLISM_OF_XENOBIOTICS_BY_CYTOCHROME_P450	97	0.78991221544413	0.00457941770692618	0.02500709871858169
425	KEGG_ARACHIDONIC_ACID_METABOLISM	97	0.807306742720926	0.000546325910875862	0.004587325899663671
438	IRIS_NKcell-IL2stimulated	101	0.7689507631394091	0.0022829806799738	0.014787955936046506
439	DMAP_NKA3	101	0.8249680810492629	4.92423435780491e-05	0.0005967176129092805
441	SVM NK cells activated	101	0.8155066059015791	2.7396870249063097e-06	4.5457730097868544e-05
450	BIOCARTA_NFAT_PATHWAY	102	0.920474876994185	2.53507464057252e-06	4.238880619934051e-05
488	REACTOME_MEIOSIS	110	0.792325466954791	1.08083819114116e-06	1.97573557482329e-05
489	REACTOME_DEPOSITION_OF_NEW_CENPA_CONTAINING_NUCLEOSOMES_AT_THE_CENTROMERE	110	0.735199329359165	0.0019623840001418	0.013186486879457516
491	REACTOME_TELOMERE_MAINTENANCE	110	0.7037917266480159	0.00167856480964846	0.011642007377529672
495	REACTOME_MUSCLE_CONTRACTION	111	0.748994488306271	0.00186577107547647	0.012615887805024279
505	IRIS_DendriticCell-LPSstimulated	116	0.645137361649843	9.919094374610999e-05	0.001094389485442607
506	SVM Macrophages M1	116	0.922351498276319	1.15136087326556e-06	2.0869625240620277e-05
507	REACTOME_NEGATIVE_REGULATORS_OF_RIG_I_MDA5_SIGNALING	116	0.805977182539683	0.00259429568299075	0.016080160310951285
508	REACTOME_CYTOKINE_SIGNALING_IN_IMMUNE_SYSTEM	116	0.670072893248859	1.0465822965690199e-05	0.00015253229822293084
509	KEGG_CYTOSOLIC_DNA_SENSING_PATHWAY	116	0.8427741235072479	0.000359907622961626	0.003224360685829633
510	REACTOME_INTERFERON_SIGNALING	116	0.8424815094339622	8.39837684749513e-11	3.4837113192398072e-09
511	REACTOME_INTERFERON_ALPHA_BETA_SIGNALING	116	0.937089919475097	1.99536748408021e-06	3.362505986844541e-05
523	IRIS_DendriticCell-LPSstimulated	123	0.7940996742011059	2.2563522668971104e-17	2.862912846880627e-15
524	SVM Dendritic cells activated	123	0.7548102383053841	0.000248472051381609	0.0023714788266819943
527	PID_HIVNEFPATHWAY	123	0.746537602382725	0.0036392106067672	0.020766606557663627
529	REACTOME_NFKB_AND_MAP_KINASES_ACTIVATION_MEDIATED_BY_TLR4_SIGNALING_REPERTOIRE	124	0.722393008877068	0.0005092470658107231	0.004376278569536771
532	REACTOME_TRAF6_MEDIATED_INDUCTION_OF_NFKB_AND_MAP_KINASES_UPON_TLR7_8_OR_9_ACTIVATION	124	0.8643413340178839	1.18121452433629e-08	3.100626806284364e-07
550	KEGG_VIRAL_MYOCARDITIS	128	0.7549758392404791	0.00497049058173212	0.02662319881011393
575	KEGG_ECM_RECEPTOR_INTERACTION	136	0.799754498778725	4.5641911172878406e-06	7.292563140733237e-05
576	REACTOME_MUSCLE_CONTRACTION	136	0.7512502394075459	0.0023189383482305	0.014931194080994591
577	REACTOME_COLLAGEN_FORMATION	136	0.8707412057628059	1.4371952203547598e-05	0.00020000194131001398
580	PID_INTEGRIN1_PATHWAY	136	0.883285254816141	4.59563919848253e-07	9.351692218044169e-06
590	SVM Neutrophils	140	0.732264373904894	0.0016154578361241801	0.011313449845843688
591	REACTOME_CYTOKINE_SIGNALING_IN_IMMUNE_SYSTEM	140	0.712534913822467	2.4075586544016298e-08	6.038493043656181e-07
592	REACTOME_INTERFERON_GAMMA_SIGNALING	140	0.8613306819123371	1.6931735184901402e-05	0.000228260954961452
650	REACTOME_ACTIVATION_OF_ATR_IN_RESPONSE_TO_REPLICATION_STRESS	154	0.7795340921178601	0.00322393351519725	0.01891281508793789
660	REACTOME_PEPTIDE_CHAIN_ELONGATION	158	0.6725547554755479	0.00302637252377327	0.01798315574043786
665	PID_MYC_REPRESSPATHWAY	159	0.6986692918731751	0.00417692571469608	0.023280694487337064
670	KEGG_AMINOACYL_TRNA_BIOSYNTHESIS	161	0.94948949172753	1.01791766228383e-06	1.9092594761271493e-05
672	REACTOME_TRNA_AMINOACYLATION	161	0.9508795468097792	9.456820442058001e-07	1.7893299731157113e-05
685	REACTOME_METABOLISM_OF_AMINO_ACIDS_AND_DERIVATIVES	166	0.616660307023981	0.00399202483698678	0.02242395201401168
688	REACTOME_TRANSPORT_OF_INORGANIC_CATIONS_ANIONS_AND_AMINO_ACIDS_OLIGOPEPTIDES	166	0.7264787960332879	0.000675585231158137	0.0055619745939240505
703	KEGG_FATTY_ACID_METABOLISM	171	0.9027385027533861	5.29393124944112e-05	0.0006379335030751115
709	IRIS_Neutrophil-Resting	172	0.718136616293208	9.85340412404364e-13	5.864497784994226e-11
710	DMAP_ERY3	172	0.656112273740832	1.5559642244080302e-09	4.7270631437297466e-08
711	DMAP_ERY4	172	0.641253583048814	4.36289881649193e-07	8.962640711593421e-06
715	KEGG_FRUCTOSE_AND_MANNOSE_METABOLISM	176	0.8527558664483801	0.000755238426840327	0.006147355798847491
718	SIG_CHEMOTAXIS	177	0.813372637493615	0.00114101957110015	0.00854576116271883
732	REACTOME_MITOTIC_PROMETAPHASE	182	0.654166666666667	0.0105611676769148	0.049285133039550386
765	DMAP_PRE_BCELL2	195	0.8635981192774069	0.00876941864869772	0.042316859116870206
769	KEGG_ERBB_SIGNALING_PATHWAY	197	0.7362097378277149	0.000253641204382684	0.002399579288830918
775	PID_PI3KPLCTRKPATHWAY	197	0.792752220733462	0.0032366255534912397	0.01891978677203416
778	MIPS_MEDIATOR_COMPLEX	201	0.8993500049617941	7.56481217046567e-05	0.0008679414814731091
779	REACTOME_NONSENSE_MEDIATED_DECAY_ENHANCED_BY_THE_EXON_JUNCTION_COMPLEX	201	0.705182789228223	0.00019139704737488402	0.001920202005523836
780	MIPS_NOP56P_ASSOCIATED_PRE_RRNA_COMPLEX	201	0.741558451835498	2.2883012949501396e-05	0.0003028138584789848
781	REACTOME_TRANSCRIPTION	201	0.626251887035605	0.0024171325634412396	0.015244897483458347
783	KEGG_BASAL_TRANSCRIPTION_FACTORS	201	0.7464523171578841	0.0096992118697828	0.04598065934751978
840	REACTOME_GOLGI_ASSOCIATED_VESICLE_BIOGENESIS	223	0.703313432835821	0.0069496915470647295	0.03486159224888052
863	REACTOME_AMYLOIDS	234	0.7616500149120191	0.0005335431647486519	0.004542410150858283
864	REACTOME_MEIOTIC_RECOMBINATION	234	0.8356875227958491	4.240487618198069e-06	6.82591924809943e-05
865	REACTOME_RNA_POL_I_PROMOTER_OPENING	234	0.785600873275777	0.0009751792886621651	0.007566409085051401
887	REACTOME_TRIGLYCERIDE_BIOSYNTHESIS	246	0.857366237634294	5.4375364197219705e-05	0.0006515981142966827
888	KEGG_PYRUVATE_METABOLISM	246	0.817668333156047	0.000290579776483984	0.0026558499062540398
889	REACTOME_FATTY_ACID_TRIACYLGLYCEROL_AND_KETONE_BODY_METABOLISM	246	0.8900907770894921	2.76212518428466e-18	3.971936015001341e-16
890	KEGG_PROPANOATE_METABOLISM	246	0.828621031746032	0.0004947480502630231	0.004268686177669362
891	REACTOME_METABOLISM_OF_LIPIDS_AND_LIPOPROTEINS	246	0.67115923833438	3.2162054515224995e-10	1.1372713375301692e-08
899	REACTOME_NEURONAL_SYSTEM	249	0.594278139843146	0.00504775811550958	0.026883985815195462
916	PID_BMPPATHWAY	257	0.7487347424828822	0.0045052064343302	0.024727049055598572
917	KEGG_DILATED_CARDIOMYOPATHY	257	0.8148412497409799	5.68386217019719e-07	1.145802869263116e-05
938	DMAP_MEGA2	264	0.8578450877018471	5.92746657273529e-06	9.332514888605852e-05
942	REACTOME_PLATELET_ACTIVATION_SIGNALING_AND_AGGREGATION	264	0.6972063293402471	1.20524179238668e-06	2.1664221218150573e-05
944	BIOCARTA_FCER1_PATHWAY	266	0.735207730291163	0.00829833570399154	0.04049662921608542
948	PID_TNFPATHWAY	266	0.8154730838055471	0.000299472407325799	0.002725577985661386
949	PID_FASPATHWAY	266	0.8035900491583492	0.00099932413190322	0.00769836483041159
966	PID_RET_PATHWAY	273	0.7711520051058399	0.0038523701767516102	0.021809875252633133
992	REACTOME_E2F_MEDIATED_REGULATION_OF_DNA_REPLICATION	285	0.905651483576461	3.32314664651749e-05	0.00042666829265108485
1002	REACTOME_PEPTIDE_LIGAND_BINDING_RECEPTORS	288	0.6913994605933471	0.00104034142551028	0.007901466390231246
1023	REACTOME_AMYLOIDS	296	0.716671637339696	0.00537822820598767	0.02815737436969758
1025	REACTOME_MEIOTIC_RECOMBINATION	296	0.7573609867701179	0.000655571258571666	0.005417882010494573
1028	REACTOME_TELOMERE_MAINTENANCE	296	0.734226036885135	0.000590387330325754	0.004916855102365449
1032	REACTOME_REGULATION_OF_APOPTOSIS	300	0.7411908479869641	0.000774853652602637	0.006283305746856722
1076	KEGG_FOCAL_ADHESION	334	0.6036795961742829	0.007354429768798341	0.03655185486474198
1078	IRIS_NKcell-IL2stimulated	335	0.7660876599186841	0.0033042948397068697	0.019263145862831677
1093	PID_AR_NONGENOMIC_PATHWAY	338	0.751537698412698	0.0103728813153192	0.04874576252100984
1121	REACTOME_TRANSCRIPTIONAL_ACTIVITY_OF_SMAD2_SMAD3_SMAD4_HETEROTRIMER	356	0.9270181709859989	1.32088427597231e-05	0.00018621878322041
1124	PID_NFAT_3PATHWAY	358	0.7306555173958491	0.0019204697339394	0.012945166300335268
1138	PID_FOXOPATHWAY	369	0.736966863924942	0.00275476530216403	0.016746189400485417
1145	BIOCARTA_PAR1_PATHWAY	376	0.7732460057556809	0.0069684482605234105	0.034874577489440825
1179	REACTOME_COLLAGEN_FORMATION	397	0.7391628184120359	0.00545080732304375	0.028468260038269657
1202	KEGG_COMPLEMENT_AND_COAGULATION_CASCADES	410	0.7086905471895041	0.009126593298207	0.04355323394741703
1217	PID_ATR_PATHWAY	421	0.7338271920301421	0.00869049044337745	0.042094703376172674
1221	DMAP_DENDA1	424	0.717853410956859	0.00317167022349735	0.01874326759475009
1243	REACTOME_CLEAVAGE_OF_GROWING_TRANSCRIPT_IN_THE_TERMINATION_REGION_	436	0.765615682766846	0.0017668756735957601	0.012022557816864524
1251	DMAP_NKA2	443	0.7371977117600341	0.000361721650447641	0.003224360685829633
1252	SVM NK cells resting	443	0.7012383515224001	0.0029830607803143197	0.017774757190988918
1270	REACTOME_ELONGATION_ARREST_AND_RECOVERY	449	0.8947368421052628	0.0012642512498144	0.009326355074727885
1271	REACTOME_MITOCHONDRIAL_PROTEIN_IMPORT	451	0.7943433439405991	0.000409101476619915	0.00360176279620064
1280	KEGG_DNA_REPLICATION	456	0.7628869269226679	0.0037763665082678295	0.02145246067581506
1284	KEGG_TIGHT_JUNCTION	459	0.6618756677350429	0.00265322735060226	0.016396072628999683
1290	SVM NK cells resting	466	0.6864067872626701	0.00605512220045504	0.03132109972753362
1299	REACTOME_IRON_UPTAKE_AND_TRANSPORT	473	0.764190731368463	0.00467191757706958	0.0252564566760378
1300	REACTOME_METABOLISM_OF_AMINO_ACIDS_AND_DERIVATIVES	473	0.7271664367411229	1.9310603321415102e-07	4.124056570722017e-06
1303	KEGG_COMPLEMENT_AND_COAGULATION_CASCADES	473	0.8679085284031609	1.38414458301249e-05	0.000193870121140126
1337	SVM NK cells activated	501	0.8734463471896149	9.43464555388906e-08	2.164323429411096e-06
1358	PID_TCR_PATHWAY	516	0.855219862399043	7.148583897685589e-06	0.00010707982963408205
1360	KEGG_LYSOSOME	516	0.678378821139543	0.00128621536042813	0.00937124630629252
1367	REACTOME_SIGNALING_BY_EGFR_IN_CANCER	517	0.67946324018103	0.00119778399807243	0.008909034771869764
1372	REACTOME_GENERIC_TRANSCRIPTION_PATHWAY	518	0.6054176715409431	0.000546565950956682	0.004587325899663671
1381	IRIS_Neutrophil-Resting	524	0.756817787041862	5.595606917147159e-16	5.747487676326868e-14
1382	DMAP_MONO1	524	0.6794938563660761	0.00126686232586707	0.009326355074727885
1383	DMAP_MONO2	524	0.6375776865013659	0.00497410714903844	0.02662319881011393
1384	SVM Monocytes	524	0.783756345177665	0.000120683792112479	0.0012950992019234687
1385	SVM Neutrophils	524	0.9585455632071499	2.42219230852226e-10	9.16608563067108e-09
1392	BIOCARTA_CARM_ER_PATHWAY	526	0.777814996774354	0.00679863826142372	0.03418336300673885
1398	REACTOME_ANTIVIRAL_MECHANISM_BY_IFN_STIMULATED_GENES	530	0.7086947851231429	0.0022954948765401897	0.014824498349392784
1410	PID_P73PATHWAY	538	0.7548606506534341	0.00018722497067378202	0.001895982449499285
1417	REACTOME_G1_PHASE	541	0.8727417113361129	0.00022277085957505	0.0021704480497922586
1442	SVM Dendritic cells resting	557	0.799105812220566	0.000819227181137521	0.006618251047616603
1473	MIPS_39S_RIBOSOMAL_SUBUNIT_MITOCHONDRIAL	583	0.772157564905998	0.000899794716656699	0.0071355044258400715
1497	REACTOME_COLLAGEN_FORMATION	598	0.7662105509565659	0.00322666479015352	0.01891281508793789
1499	PID_SYNDECAN_1_PATHWAY	598	0.8079747903329859	0.0017664150027492398	0.012022557816864524
1500	DMAP_ERY2	599	0.757421774160677	0.00017586115018138	0.0017893042497228145
1502	DMAP_MONO1	599	0.7281706800367209	4.14426898718555e-05	0.0005197202444976297
1506	PID_CMYB_PATHWAY	599	0.681564748201439	0.00160048625203595	0.0112668837429613
1511	IRIS_Neutrophil-Resting	603	0.905750607955532	8.35593610227515e-38	4.505938543151875e-35
1512	SVM Neutrophils	603	0.9797889246566971	2.8565714684899197e-11	1.4329359668680831e-09
1513	PID_IL8CXCR2_PATHWAY	603	0.810732360821673	0.0008814671428704039	0.007041943063598006
1516	SIG_PIP3_SIGNALING_IN_B_LYMPHOCYTES	603	0.7692918465584829	0.00338790745689086	0.019487243692036228
1520	ST_B_CELL_ANTIGEN_RECEPTOR	605	0.8256912957404691	0.000273154697183684	0.0025694782236171444
1521	SIG_CD40PATHWAYMAP	605	0.7756687013051461	0.00336696337896472	0.01947701827756786
1529	KEGG_COMPLEMENT_AND_COAGULATION_CASCADES	606	0.7509318622334871	0.00246260094333442	0.01544136696154751
1531	PID_PS1PATHWAY	607	0.7742656925600121	0.0027155772365714	0.01659348470052269
1536	REACTOME_PI3K_AKT_ACTIVATION	612	0.781555153707052	0.00086876929003215	0.00699229611417667
1540	REACTOME_GAB1_SIGNALOSOME	612	0.8793532602914581	1.22348920084269e-05	0.00017593774708117883
1542	KEGG_LYSOSOME	613	0.839032141804004	1.61710613416588e-09	4.8445804602719495e-08
1544	REACTOME_CHONDROITIN_SULFATE_DERMATAN_SULFATE_METABOLISM	613	0.78568236946253	0.00297287462908946	0.017763131786553917
1545	PID_INTEGRIN1_PATHWAY	613	0.806102655923605	0.00041590254155301	0.003646755211909929
1546	REACTOME_EXTRACELLULAR_MATRIX_ORGANIZATION	613	0.80863201911589	0.00019126437576271	0.001920202005523836
1547	REACTOME_ASPARAGINE_N_LINKED_GLYCOSYLATION	613	0.750514434122465	0.000206511537254628	0.0020339971956996926
1548	KEGG_N_GLYCAN_BIOSYNTHESIS	613	0.955058414118817	3.37853661042479e-07	7.007214873736801e-06
1561	REACTOME_RESPONSE_TO_ELEVATED_PLATELET_CYTOSOLIC_CA2_	623	0.696452006538807	0.00297112405824737	0.017763131786553917
1571	REACTOME_METABOLISM_OF_LIPIDS_AND_LIPOPROTEINS	637	0.616912534002929	7.67722169105219e-06	0.00011420529094896258
1608	REACTOME_TRANSMISSION_ACROSS_CHEMICAL_SYNAPSES	662	0.6986033481286651	0.000150156277012449	0.0015646719300282726
1614	REACTOME_AMINO_ACID_AND_OLIGOPEPTIDE_SLC_TRANSPORTERS	670	0.885002728580642	0.00020138499052989298	0.001992602865013666
1617	REACTOME_COLLAGEN_FORMATION	671	0.887340128960865	5.99546570842281e-06	9.371173574686955e-05
1619	REACTOME_EXTRACELLULAR_MATRIX_ORGANIZATION	671	0.981705495818399	3.62554988887669e-11	1.7773434341606866e-09
1620	IRIS_Neutrophil-Resting	675	0.7298004060274449	1.07391821872774e-12	5.939593840501884e-11
1622	PID_GMCSF_PATHWAY	675	0.7382016256010892	0.00565571672977724	0.02939609876175785
1629	REACTOME_MITOCHONDRIAL_PROTEIN_IMPORT	678	0.742276584460355	0.00347616926121405	0.01994174759691145
1631	KEGG_OXIDATIVE_PHOSPHORYLATION	678	0.982290099307854	5.45848106336069e-16	5.747487676326868e-14
1633	REACTOME_TCA_CYCLE_AND_RESPIRATORY_ELECTRON_TRANSPORT	678	0.85637569181873	2.59646690654538e-10	9.656170892100664e-09
1635	REACTOME_RESPIRATORY_ELECTRON_TRANSPORT_ATP_SYNTHESIS_BY_CHEMIOSMOTIC_COUPLING_AND_HEAT_PRODUCTION_BY_UNCOUPLING_PROTEINS_	678	0.9883475740768499	1.05424149145683e-12	5.939593840501884e-11
1636	REACTOME_RESPIRATORY_ELECTRON_TRANSPORT	678	0.9980431747930999	7.331802179982169e-11	3.1009210396512827e-09
1637	REACTOME_SRP_DEPENDENT_COTRANSLATIONAL_PROTEIN_TARGETING_TO_MEMBRANE	678	0.686727731429718	0.000738431997371463	0.0060333250694327495
1638	MIPS_55S_RIBOSOME_MITOCHONDRIAL	678	0.80648481215028	5.16831430225059e-06	8.197098492613619e-05
1644	KEGG_CELL_CYCLE	684	0.6599464393482201	0.00127325165114748	0.009341509563010594
1669	SVM NK cells activated	705	0.852080743911983	1.6699925276356e-07	3.6385594768787774e-06
1670	PID_IL12_2PATHWAY	705	0.7112699016464709	0.00242951471956207	0.015278318513397626
1672	REACTOME_PEPTIDE_CHAIN_ELONGATION	707	0.9997656015601559	1.0326552226561698e-15	1.0124715069406177e-13
1673	KEGG_RIBOSOME	707	0.956636288628863	2.0477654654210101e-13	1.4723433696377062e-11
1674	MIPS_40S_RIBOSOMAL_SUBUNIT_CYTOPLASMIC	707	0.997767857142857	6.83171916308333e-07	1.3519282784193343e-05
1675	MIPS_RIBOSOME_CYTOPLASMIC	707	0.9995303053015541	7.94887191265374e-15	7.14404863149755e-13
1676	REACTOME_ACTIVATION_OF_THE_MRNA_UPON_BINDING_OF_THE_CAP_BINDING_COMPLEX_AND_EIFS_AND_SUBSEQUENT_BINDING_TO_43S	707	0.864580080114061	8.29973650771922e-07	1.6128406889324644e-05
1684	DMAP_CMP	719	0.999851632047478	0.00119763812154056	0.008909034771869764
1685	DMAP_EOS2	719	0.9889995540359742	1.29256542648378e-05	0.00018463997516063004
1686	SVM Mast cells activated	719	0.7092194052408629	0.008551606944026329	0.04154463103212792
1687	PID_FANCONI_PATHWAY	720	0.8015878932458629	0.00089975262860175	0.0071355044258400715
1691	PID_E2F_PATHWAY	720	0.6781168442219649	0.007374976837627271	0.03656971273278626
1704	SVM Mast cells activated	728	0.9082104008344509	1.05653308806587e-06	1.957702716722199e-05
1705	DMAP_MEGA2	730	0.8197552969262908	1.5324771143331498e-06	2.644442508493284e-05
1712	REACTOME_GENERIC_TRANSCRIPTION_PATHWAY	735	0.651189058827121	7.0785371333608005e-06	0.0001067720601164982
1716	REACTOME_GENERIC_TRANSCRIPTION_PATHWAY	739	0.7083829410507679	4.784900952487671e-09	1.3403936824046626e-07
1719	MIPS_SPLICEOSOME	739	0.6726905063511801	0.0009382019953942981	0.0073623715191352985
1723	REACTOME_MITOCHONDRIAL_PROTEIN_IMPORT	743	0.750455780959958	0.00286180806515575	0.017242793286427242
1728	KEGG_PARKINSONS_DISEASE	743	0.676447586103173	0.0018461781235881301	0.012522661045847788
1730	MIPS_55S_RIBOSOME_MITOCHONDRIAL	743	0.770443645083933	5.82371128374723e-05	0.0006902057823649878
1732	SVM T cells follicular helper	746	0.735966961908385	0.00147234626667763	0.010558315300318144
1736	REACTOME_INTERFERON_ALPHA_BETA_SIGNALING	749	0.7697397852669251	0.00205583592545448	0.013686537318534921
1739	KEGG_OXIDATIVE_PHOSPHORYLATION	750	0.71414008426121	9.94438289971029e-05	0.001094389485442607
1741	KEGG_RIBOSOME	750	0.8883513351335129	7.908483601401501e-10	2.6243998658804666e-08
1742	REACTOME_TCA_CYCLE_AND_RESPIRATORY_ELECTRON_TRANSPORT	750	0.6274967121486109	0.0101637502491633	0.04797201156990205
1762	SVM NK cells resting	765	0.8910773907410179	1.10238668392443e-09	3.5490269809328287e-08
1766	KEGG_DILATED_CARDIOMYOPATHY	766	0.7573101098243271	3.84618856485365e-05	0.000490901108543747
1768	IRIS_Bcell-Memory_IgG_IgA	767	0.701353574633563	0.00200009792345237	0.01339817149343715
1771	SVM B cells naive	767	0.8161357858531479	3.26735440743895e-06	5.339154133974102e-05
1772	PID_BCR_5PATHWAY	767	0.7079477972655709	0.0010187057002674	0.007792014877577241
1776	REACTOME_TRIGLYCERIDE_BIOSYNTHESIS	770	0.7577917242846508	0.00221819176805075	0.014455104663702319
1783	PID_IFNGPATHWAY	777	0.7775306487314829	0.0026787950056701	0.016415229622813655
1784	PID_P53DOWNSTREAMPATHWAY	777	0.681627073906486	0.000374891753411087	0.003314104557818503
1789	DMAP_MONO1	787	0.7481860391215309	6.30339861002198e-06	9.642858724693198e-05
1791	SVM Eosinophils	787	0.6797611940298511	0.007647539525020241	0.03783427237492812
1793	PID_EPHBFWDPATHWAY	788	0.764976272052095	0.00432460637611751	0.023979886769371385
1811	REACTOME_GENERIC_TRANSCRIPTION_PATHWAY	800	0.701959377639385	5.210878787027889e-12	2.741430620394917e-10
1814	KEGG_METABOLISM_OF_XENOBIOTICS_BY_CYTOCHROME_P450	805	0.750334771611367	0.0104067208120928	0.048798471286269934
1823	DMAP_TCELLA3	823	0.727994324970131	0.00175958871613163	0.012022557816864524
1824	DMAP_TCELLA7	823	0.8279223199642171	8.78524904584307e-05	0.0009921351932923302
1825	SVM T cells CD4 naive	823	0.966905615292712	1.16147270905785e-09	3.684259755055562e-08
1826	SVM T cells CD4 memory resting	823	0.9364826284161809	9.074399238514891e-11	3.693109274995588e-09
1827	SVM T cells follicular helper	823	0.7100608596424499	0.00241360521096695	0.015244897483458347
1828	SVM T cells regulatory (Tregs)	823	0.7599212284375308	0.000137093268310327	0.0014495597046341928
1829	SVM T cells gamma delta	823	0.692996559976069	0.00338235052801012	0.019487243692036228
1840	REACTOME_INTERFERON_ALPHA_BETA_SIGNALING	827	0.7494035192365051	0.00234013691161102	0.015022843209360029
1841	KEGG_B_CELL_RECEPTOR_SIGNALING_PATHWAY	827	0.71844712124778	0.000520136058413781	0.004452116976184626
1845	REACTOME_TRNA_AMINOACYLATION	828	0.736806797853309	0.006099275511095979	0.031474012625440265
1850	KEGG_VALINE_LEUCINE_AND_ISOLEUCINE_DEGRADATION	830	0.751229691459234	0.00679656167428783	0.03418336300673885
1852	REACTOME_GLUCOSE_METABOLISM	830	0.7146426922345659	0.00672078674075536	0.0339737029406086
1854	KEGG_PEROXISOME	830	0.6830731394354149	0.00870386541760455	0.042094703376172674
1855	REACTOME_TRNA_AMINOACYLATION	830	0.7631745676803822	0.00486637441769346	0.026241924047411984
1856	REACTOME_PYRUVATE_METABOLISM_AND_CITRIC_ACID_TCA_CYCLE	830	0.8119505289822679	0.00207446322288412	0.01368750305033638
1861	KEGG_CYSTEINE_AND_METHIONINE_METABOLISM	832	0.8245039682539681	0.000948384239831532	0.007411829004770344
1872	KEGG_PRIMARY_IMMUNODEFICIENCY	837	0.7578667857851898	0.005357781328429279	0.02815737436969758
1877	REACTOME_IL1_SIGNALING	838	0.7397480368581221	0.00898153955610918	0.043051512938949994
1879	REACTOME_MITOCHONDRIAL_PROTEIN_IMPORT	840	0.8504706974277378	4.13277672603955e-05	0.0005197202444976297
1881	MIPS_NOP56P_ASSOCIATED_PRE_RRNA_COMPLEX	840	0.7392873252142529	4.71697027118905e-05	0.000578096867895158
1884	REACTOME_TRNA_AMINOACYLATION	840	0.7335830351818721	0.00669036362180596	0.033955563134671664
1885	MIPS_SPLICEOSOME	840	0.745691308238521	1.35254133281835e-06	2.3533065305129942e-05
1886	MIPS_39S_RIBOSOMAL_SUBUNIT_MITOCHONDRIAL	840	0.8208992340594851	0.00015626954489855402	0.0016205452324335626
1894	KEGG_ANTIGEN_PROCESSING_AND_PRESENTATION	844	0.801124210316868	0.000126165293387053	0.0013472204843360067
1895	REACTOME_AMYLOIDS	847	0.76065277363555	0.00022338408301060802	0.0021704480497922586
1896	REACTOME_MEIOTIC_RECOMBINATION	847	0.782196027719752	2.76987318360396e-05	0.00035991665403817724
1897	REACTOME_RNA_POL_I_TRANSCRIPTION	847	0.7477931390390308	4.48571180229017e-05	0.0005560735837666607
1898	KEGG_SYSTEMIC_LUPUS_ERYTHEMATOSUS	847	0.735028562870408	1.31581743784813e-05	0.00018621878322041
1899	REACTOME_GENERIC_TRANSCRIPTION_PATHWAY	848	0.6828120707024449	5.0179692446482996e-08	1.189424138539163e-06
1900	KEGG_P53_SIGNALING_PATHWAY	848	0.72016153155848	0.00221747821294412	0.014455104663702319
1901	PID_E2F_PATHWAY	848	0.6691909468189791	0.00906290386072239	0.043345196513477145
1908	SVM T cells CD4 memory activated	853	0.737954613206141	0.0033643477076576197	0.01947701827756786
1911	KEGG_ALLOGRAFT_REJECTION	853	0.989385391923991	0.00267367039578084	0.016415229622813655
1912	IRIS_Monocyte-Day1	854	0.6299238067855091	0.000275173606701697	0.0025694782236171444
1913	SVM Monocytes	854	0.704284861152583	0.00636246332213008	0.0325981790637401
1939	REACTOME_GENERIC_TRANSCRIPTION_PATHWAY	865	0.705561661120778	1.2248985965803201e-09	3.8291395258315216e-08
1940	PID_FANCONI_PATHWAY	865	0.851144326822723	0.000111143344971774	0.0012047044980106356
1943	REACTOME_LOSS_OF_NLP_FROM_MITOTIC_CENTROSOMES	865	0.735199283475146	0.00284490006658987	0.01718893401578249
1959	REACTOME_CLASS_B_2_SECRETIN_FAMILY_RECEPTORS	879	0.71923019543488	0.0039460592490764895	0.02225212293329992
1960	KEGG_BASAL_CELL_CARCINOMA	879	0.71742209631728	0.0064570164678926295	0.03300422872332797
1961	REACTOME_HEPARAN_SULFATE_HEPARIN_HS_GAG_METABOLISM	879	0.8123759182052809	0.00100558562394803	0.0077190327076722435
1964	REACTOME_CELL_CYCLE	881	0.7669383585463401	4.88353201603025e-19	8.609162381790075e-17
1965	PID_ATR_PATHWAY	881	0.8833791004108392	4.32295551707554e-05	0.000538995089614563
1966	PID_FANCONI_PATHWAY	881	0.828723721485016	0.000158769767858787	0.0016385951639780075
1967	REACTOME_DNA_REPAIR	881	0.8147540983606559	2.46105537067977e-08	6.101720039719844e-07
1968	REACTOME_MITOTIC_M_M_G1_PHASES	881	0.785966689669686	3.04963544619459e-10	1.0963439429069552e-08
1969	PID_E2F_PATHWAY	881	0.659339836563556	0.0104301066459946	0.048802039122365186
1970	KEGG_BASE_EXCISION_REPAIR	881	0.860503200833706	0.000315498286210732	0.00284740503496464
1971	REACTOME_DNA_STRAND_ELONGATION	881	0.9906001984126981	1.6474066168318702e-06	2.8202032321478917e-05
1987	IRIS_Bcell-Memory_IgG_IgA	898	0.7747532156745441	6.65938425570587e-05	0.000776448207543652
1988	DMAP_BCELLA1	898	0.7535890797834781	6.99432294196522e-05	0.0008067783200972718
1989	SVM B cells naive	898	0.9072454015253479	7.674704950031769e-09	2.0437455033603122e-07
1990	SVM B cells memory	898	0.844648821095658	8.399038517989671e-07	1.6175648288664034e-05
1992	PID_BCR_5PATHWAY	898	0.741702343138609	0.000234621998818925	0.0022492428953440947
1994	DMAP_PRE_BCELL3	902	0.9719871318980451	0.000200256100215628	0.001990564092926773
1995	SVM B cells naive	902	0.6993482378744829	0.00139186422778008	0.010040973710105794
2003	REACTOME_TRANSLATION	904	0.6157525510204079	0.00926819770462697	0.04413135198428338
2006	REACTOME_FORMATION_OF_THE_TERNARY_COMPLEX_AND_SUBSEQUENTLY_THE_43S_COMPLEX	905	0.9034346146833091	1.3264070341498999e-06	2.3451311251322408e-05
2007	MIPS_NOP56P_ASSOCIATED_PRE_RRNA_COMPLEX	905	0.825748403485032	1.68698568841718e-08	4.3319382498998297e-07
2008	REACTOME_TRANSLATION	905	0.7766262755102041	6.14607204187803e-09	1.6571346742913635e-07
2016	KEGG_COMPLEMENT_AND_COAGULATION_CASCADES	913	0.7493663336812291	0.0025474922145756	0.015835563996655817
2022	PID_IL23PATHWAY	914	0.8150987397042769	0.00169073658769034	0.01165149782635164
2023	REACTOME_PROCESSING_OF_CAPPED_INTRON_CONTAINING_PRE_MRNA	915	0.9031778134226001	2.5308116056411603e-13	1.7059251979274946e-11
2025	MIPS_CEN_COMPLEX	915	0.823507518237308	0.0026604661196800604	0.016396072628999683
2027	MIPS_SPLICEOSOME	915	0.8950457308215279	7.31870349013758e-13	4.643071596537282e-11
2031	MIPS_NOP56P_ASSOCIATED_PRE_RRNA_COMPLEX	921	0.632789687344206	1.24946151174709e-06	2.227345851932622e-05
2038	DMAP_ERY3	928	0.8121529751896159	3.2257674351172898e-27	1.1596633929246658e-24
2039	DMAP_ERY4	928	0.784254418896775	1.26967167103303e-19	2.4897107221984048e-17
2049	MIPS_SPLICEOSOME	931	0.6348042348948829	0.00603524913120231	0.03129334705770044
2050	PID_TGFBRPATHWAY	931	0.708098223615465	0.00813819157090435	0.039895634587365184
2051	SVM T cells CD4 naive	932	0.700462962962963	0.00502884956055166	0.026849575500272102
2052	SVM T cells CD4 memory activated	932	0.7241764793560891	0.005083020863636	0.02700511330754397
2053	SVM T cells follicular helper	932	0.755501820355377	0.000288056686923806	0.0026552917679258524
2064	KEGG_GLYCOLYSIS_GLUCONEOGENESIS	937	0.727053500397773	0.00377929302587377	0.02145246067581506
2067	PID_HIF1_TFPATHWAY	937	0.806361190013455	1.56010107986309e-05	0.00021298341957371424
2068	PID_HIF2PATHWAY	937	0.8402901785714291	0.0005465051261206759	0.004587325899663671
2071	Custom_Treg	942	0.998441211401425	0.002270452772299	0.014751104306773925
2073	SVM T cells CD4 memory activated	942	0.878269861380236	8.27480882949756e-06	0.00012142015404915809
2076	PID_NFAT_TFPATHWAY	942	0.8021236959761551	0.00028982400642448903	0.0026558499062540398
2086	IRIS_PlasmaCell-FromBoneMarrow	951	0.7866485425162361	2.41784822579397e-10	9.16608563067108e-09
2087	IRIS_PlasmaCell-FromPBMC	951	0.6799714615555601	0.00016597487665315802	0.00170479909019458
2088	SVM Plasma cells	951	0.797163332338011	2.35781056931347e-05	0.0003101095974395826
2094	DMAP_TCELLA2	954	0.898805962708146	5.745955724090781e-09	1.5688641135270648e-07
2095	DMAP_TCELLA6	954	0.8768359125555358	1.22471516434517e-07	2.695623070910747e-06
2099	DMAP_CMP	960	0.9907270029673589	0.0015432281500336199	0.010913911867614815
2100	DMAP_ERY1	960	0.7627573858549692	0.00037380894770606	0.003314104557818503
2101	DMAP_GMP	960	0.999851588008311	0.00129033850392623	0.00937124630629252
2102	DMAP_MEGA1	960	0.984306153769989	0.00017253151050404	0.0017637462945839539
2103	SVM Mast cells resting	960	0.737412418008348	0.0021080211225538398	0.013854474538620105
2104	SVM Mast cells activated	960	0.876450177746557	1.10281108145782e-05	0.00015964855722849108
2107	REACTOME_MUSCLE_CONTRACTION	962	0.76435913259986	0.0023752198923671602	0.015157838188863798
2108	SVM T cells CD8	964	0.848007017694003	8.98213477278833e-07	1.7145543986641085e-05
2117	IRIS_MemoryTcell-RO-unactivated	975	0.871897955132023	6.32745608505291e-05	0.0007417566725793003
2118	DMAP_TCELLA6	975	0.8393500088314019	1.06189716206072e-06	1.957702716722199e-05
2120	SVM T cells CD8	975	0.8772866342882819	1.3970661237784602e-09	4.304959469985912e-08
2121	SVM T cells CD4 memory resting	975	0.917159763313609	1.12651246314112e-10	4.417977059991628e-09
2122	SVM T cells regulatory (Tregs)	975	0.7994067205105201	6.28851504264307e-06	9.642858724693198e-05
2124	PID_CD8TCRPATHWAY	975	0.81251306555174	1.57404442505711e-05	0.00021353546068227582
2125	KEGG_PATHOGENIC_ESCHERICHIA_COLI_INFECTION	976	0.716320169766902	0.0102693737984291	0.048364714592164994
2128	MIPS_SPLICEOSOME	976	0.661295571025137	0.0016847556441087301	0.0116474933472517
2129	IRIS_Bcell-Memory_IgG_IgA	977	0.9888199222255459	2.1660722317163394e-13	1.5071670334877887e-11
2130	IRIS_Bcell-Memory_IgM	977	0.9167227372408292	3.29189769547912e-10	1.14526182728201e-08
2131	IRIS_Bcell-naive	977	0.971280965216275	2.1980014092181598e-14	1.755958903586508e-12
2132	DMAP_BCELLA3	977	0.9583694191429	2.89800561072749e-10	1.0594912037863044e-08
2133	SVM B cells naive	977	0.984534669258761	3.44483337878758e-13	2.2516683630438817e-11
2134	SVM B cells memory	977	0.9745526145256971	1.00596392232168e-12	5.864497784994226e-11
2136	PID_BCR_5PATHWAY	977	0.702504258159554	0.0009147315719364789	0.0072273846178277845
2145	IRIS_Neutrophil-Resting	985	0.766201743529616	1.0817460283984001e-14	9.333304733021396e-13
2146	SVM Neutrophils	985	0.755293861972481	0.0006528363530609929	0.005416030821356008
2148	PID_FCER1PATHWAY	985	0.688299072023478	0.00885798057834988	0.04264880381138547
2149	SIG_PIP3_SIGNALING_IN_B_LYMPHOCYTES	985	0.780221825219592	0.00456560094821986	0.0249949270185539
2152	ST_DIFFERENTIATION_PATHWAY_IN_PC12_CELLS	986	0.72817549013347	0.0088949655741672	0.042731493860754234
